RETAILER_KEY,RETAILER_NAME,RETAILER_SITE_CODE,RETAILER_CONTACT_CODE,SOURCE_ID,DATA_DATE,UPDATE_DATE
1,Lojas do Esportista,20634,3653,LKP_FILE,2023-12-08T11:49:55Z,null
2,Connor Department Store,20130,3141,LKP_FILE,2023-12-08T11:49:55Z,null
3,Over the Top Cycles,20445,3464,LKP_FILE,2023-12-08T11:49:55Z,null
4,Wilderness Wonderment Ltd,20485,3504,LKP_FILE,2023-12-08T11:49:55Z,null
5,"Grupo Lozano, S.A. de C.V.",20497,3516,LKP_FILE,2023-12-08T11:49:55Z,null
6,Edward's Department Store,20117,3126,LKP_FILE,2023-12-08T11:49:55Z,null
7,The Golf Hut,20109,3121,LKP_FILE,2023-12-08T11:49:55Z,null
8,Armazém do esporte,20900,3920,LKP_FILE,2023-12-08T11:49:55Z,null
9,Mega-Outlet,20148,3155,LKP_FILE,2023-12-08T11:49:55Z,null
10,Pumped!,20150,3161,LKP_FILE,2023-12-08T11:49:55Z,null
11,Mundo saudável,20899,3919,LKP_FILE,2023-12-08T11:49:55Z,null
12,Tamarack Outfitter Rentals,20082,3093,LKP_FILE,2023-12-08T11:49:55Z,null
13,Donovan's Sports,20095,3110,LKP_FILE,2023-12-08T11:49:55Z,null
14,Donovan's Sports,20099,3107,LKP_FILE,2023-12-08T11:49:55Z,null
15,Wild Willy's Sports,20529,3548,LKP_FILE,2023-12-08T11:49:55Z,null
16,Backcountry Discovery,20866,3886,LKP_FILE,2023-12-08T11:49:55Z,null
17,Backpacking and Mountaineering,20868,3888,LKP_FILE,2023-12-08T11:49:55Z,null
18,Wilderness Gear,20867,3887,LKP_FILE,2023-12-08T11:49:55Z,null
19,Weston Outfitters,20165,3175,LKP_FILE,2023-12-08T11:49:55Z,null
20,Base Camp Essentials,20562,3581,LKP_FILE,2023-12-08T11:49:55Z,null
21,The Marketplace,20079,3088,LKP_FILE,2023-12-08T11:49:55Z,null
22,The Sport Gurus,20558,3577,LKP_FILE,2023-12-08T11:49:55Z,null
23,Peak Gear,20580,3599,LKP_FILE,2023-12-08T11:49:55Z,null
24,Falcon Outfitters,20021,3032,LKP_FILE,2023-12-08T11:49:55Z,null
25,Maximum Sports,20022,3075,LKP_FILE,2023-12-08T11:49:55Z,null
26,The Marketplace,20077,3090,LKP_FILE,2023-12-08T11:49:55Z,null
27,All Season Camping Goods,20486,3505,LKP_FILE,2023-12-08T11:49:55Z,null
28,Outdoor Central Ltd,20448,3467,LKP_FILE,2023-12-08T11:49:55Z,null
29,Eye Dimensions,20094,3105,LKP_FILE,2023-12-08T11:49:55Z,null
30,Bill's Cycle Shop,20525,3544,LKP_FILE,2023-12-08T11:49:55Z,null
31,"MER-KA-DOS, S.A. de C.V.",20231,3215,LKP_FILE,2023-12-08T11:49:55Z,null
32,Rock Steady,20001,3030,LKP_FILE,2023-12-08T11:49:55Z,null
33,Lookout Below Ltd,20483,3502,LKP_FILE,2023-12-08T11:49:55Z,null
34,Love Sports Nanba store,20861,3881,LKP_FILE,2023-12-08T11:49:55Z,null
35,Shinbashi sports store,20850,3870,LKP_FILE,2023-12-08T11:49:55Z,null
36,Shanghai Shengqing outdoors Company,20817,3837,LKP_FILE,2023-12-08T11:49:55Z,null
37,Blizzard super outdoors Japan Inc.,20855,3875,LKP_FILE,2023-12-08T11:49:55Z,null
38,"Chen Yu Enterprise Co.,",20348,3339,LKP_FILE,2023-12-08T11:49:55Z,null
39,Uragome Outdoor Youhinten,20602,3621,LKP_FILE,2023-12-08T11:49:55Z,null
40,Midoribashi Megane,20607,3626,LKP_FILE,2023-12-08T11:49:55Z,null
41,Shanghai Ruiyu fitness leisure Ltd.,20813,3833,LKP_FILE,2023-12-08T11:49:55Z,null
42,Shanghai first sporting goods shopping center,20810,3830,LKP_FILE,2023-12-08T11:49:55Z,null
43,Shanghai Jianhua camping supplies shop,20826,3846,LKP_FILE,2023-12-08T11:49:55Z,null
44,South Yodogawa sports,20851,3871,LKP_FILE,2023-12-08T11:49:55Z,null
45,"Inner Mongolia Xin Zhong Co., LTD",20645,3664,LKP_FILE,2023-12-08T11:49:55Z,null
46,Kanjosen Sport,20258,3242,LKP_FILE,2023-12-08T11:49:55Z,null
47,"Shaoxing NARI Co., LTD.",20644,3663,LKP_FILE,2023-12-08T11:49:55Z,null
48,Taeho Sports,20354,3345,LKP_FILE,2023-12-08T11:49:55Z,null
49,Gone Bush Supplies,20609,3628,LKP_FILE,2023-12-08T11:49:55Z,null
50,Harbour Pty Ltd.,20614,3633,LKP_FILE,2023-12-08T11:49:55Z,null
51,Taeho Sports,20353,3344,LKP_FILE,2023-12-08T11:49:55Z,null
52,Grand choix,20269,3266,LKP_FILE,2023-12-08T11:49:55Z,null
53,Preben's Tøy,20340,3331,LKP_FILE,2023-12-08T11:49:55Z,null
54,Jakt och Fritid AB,20759,3778,LKP_FILE,2023-12-08T11:49:55Z,null
55,Töölön Urheilu ja Pyörä,20665,3684,LKP_FILE,2023-12-08T11:49:55Z,null
56,Campingspecialisten,20260,3257,LKP_FILE,2023-12-08T11:49:55Z,null
57,Arjan Aitta,20342,3333,LKP_FILE,2023-12-08T11:49:55Z,null
58,Extra Sport,20290,3287,LKP_FILE,2023-12-08T11:49:55Z,null
59,Silmäasema Karell Oy,20663,3682,LKP_FILE,2023-12-08T11:49:55Z,null
60,Sport Planet,20798,3818,LKP_FILE,2023-12-08T11:49:55Z,null
61,Sihvolan Postmyynti,20662,3681,LKP_FILE,2023-12-08T11:49:55Z,null
62,"Lan King Sports Co., LTD.",20384,3366,LKP_FILE,2023-12-08T11:49:55Z,null
63,Tingyu Pavilion,20830,3850,LKP_FILE,2023-12-08T11:49:55Z,null
64,Golf Shop Jiro,20235,3219,LKP_FILE,2023-12-08T11:49:55Z,null
65,Van Out Bv.,20691,3710,LKP_FILE,2023-12-08T11:49:55Z,null
66,Media Center A/S,20656,3675,LKP_FILE,2023-12-08T11:49:55Z,null
67,Cykelcentrum,20761,3780,LKP_FILE,2023-12-08T11:49:55Z,null
68,Extensive Enterprises Co.,20733,3752,LKP_FILE,2023-12-08T11:49:55Z,null
69,Japan Sports Youhinten,20247,3231,LKP_FILE,2023-12-08T11:49:55Z,null
70,Anapurna,20200,3184,LKP_FILE,2023-12-08T11:49:55Z,null
71,Sport & Freizeit,20040,3060,LKP_FILE,2023-12-08T11:49:55Z,null
72,Extrem!,20053,3062,LKP_FILE,2023-12-08T11:49:55Z,null
73,Optique et Lentilles,20209,3193,LKP_FILE,2023-12-08T11:49:55Z,null
74,Cordages Discount,20202,3187,LKP_FILE,2023-12-08T11:49:55Z,null
75,Jensen Mountaineering,20386,3394,LKP_FILE,2023-12-08T11:49:55Z,null
76,La bonne Forme,20223,3204,LKP_FILE,2023-12-08T11:49:55Z,null
77,Die Zeltstadt,20051,3041,LKP_FILE,2023-12-08T11:49:55Z,null
78,Schnelle Fitness ,20468,3487,LKP_FILE,2023-12-08T11:49:55Z,null
79,Naturbewußt ,20464,3483,LKP_FILE,2023-12-08T11:49:55Z,null
80,Camping douceur,20718,3737,LKP_FILE,2023-12-08T11:49:55Z,null
81,Windsurfing Zürichsee,20423,3432,LKP_FILE,2023-12-08T11:49:55Z,null
82,"New sports store 129, Zurich",20904,3925,LKP_FILE,2023-12-08T11:49:55Z,null
83,Aktiv Markt,20773,3793,LKP_FILE,2023-12-08T11:49:55Z,null
84,Berkshire Traders,20744,3763,LKP_FILE,2023-12-08T11:49:55Z,null
85,Alpin Sport,20721,3740,LKP_FILE,2023-12-08T11:49:55Z,null
86,Total Sports,20778,3798,LKP_FILE,2023-12-08T11:49:55Z,null
87,SportsClub,20199,3183,LKP_FILE,2023-12-08T11:49:55Z,null
88,Outdoor Experience,20403,3411,LKP_FILE,2023-12-08T11:49:55Z,null
89,Der Fitness-Doktor,20034,3036,LKP_FILE,2023-12-08T11:49:55Z,null
90,Haus der Tramper,20719,3738,LKP_FILE,2023-12-08T11:49:55Z,null
91,Plein'R,20509,3528,LKP_FILE,2023-12-08T11:49:55Z,null
92,Country Esquire,20741,3760,LKP_FILE,2023-12-08T11:49:55Z,null
93,The Liquidators,20889,3909,LKP_FILE,2023-12-08T11:49:55Z,null
94,Naranco de Bulnes,20330,3315,LKP_FILE,2023-12-08T11:49:55Z,null
95,Paradiso della Tenda,20309,3294,LKP_FILE,2023-12-08T11:49:55Z,null
96,Randello,20836,3856,LKP_FILE,2023-12-08T11:49:55Z,null
97,Maximum Sports,20026,3077,LKP_FILE,2023-12-08T11:49:55Z,null
98,Golf Butikken,20651,3670,LKP_FILE,2023-12-08T11:49:55Z,null
99,NonSoloNeve,20308,3293,LKP_FILE,2023-12-08T11:49:55Z,null
100,Golf Butiken,20764,3783,LKP_FILE,2023-12-08T11:49:55Z,null
101,Hartvigsens,20658,3677,LKP_FILE,2023-12-08T11:49:55Z,null
102,Paradiso della Tenda,20310,3295,LKP_FILE,2023-12-08T11:49:55Z,null
103,Campingvarehuset,20655,3674,LKP_FILE,2023-12-08T11:49:55Z,null
104,Martin's Golf,20659,3678,LKP_FILE,2023-12-08T11:49:55Z,null
105,Preben's Tøy,20341,3332,LKP_FILE,2023-12-08T11:49:55Z,null
106,Holstein Golf,20045,3035,LKP_FILE,2023-12-08T11:49:55Z,null
107,Alpenfreizeit,20488,3507,LKP_FILE,2023-12-08T11:49:55Z,null
108,Sport & Freizeit,20036,3052,LKP_FILE,2023-12-08T11:49:55Z,null
109,"Bicicletas La Rueda, S.A. de C.V.",20492,3511,LKP_FILE,2023-12-08T11:49:55Z,null
110,Palácio do Camping,20635,3654,LKP_FILE,2023-12-08T11:49:55Z,null
111,I-wear Direct,20541,3560,LKP_FILE,2023-12-08T11:49:55Z,null
112,Tamarack Outfitter Rentals,20081,3094,LKP_FILE,2023-12-08T11:49:55Z,null
113,Cycle Maniacs,20579,3598,LKP_FILE,2023-12-08T11:49:55Z,null
114,Ar fresco,20895,3915,LKP_FILE,2023-12-08T11:49:55Z,null
115,Galáxia do esporte,20898,3918,LKP_FILE,2023-12-08T11:49:55Z,null
116,Game On! Sports,20544,3563,LKP_FILE,2023-12-08T11:49:55Z,null
117,Consumer Club,20125,3138,LKP_FILE,2023-12-08T11:49:55Z,null
118,Sports Vision,20575,3594,LKP_FILE,2023-12-08T11:49:55Z,null
119,Algonquin Camping Supplies,20527,3546,LKP_FILE,2023-12-08T11:49:55Z,null
120,Sport Basement,20865,3885,LKP_FILE,2023-12-08T11:49:55Z,null
121,Mega-Outlet,20146,3157,LKP_FILE,2023-12-08T11:49:55Z,null
122,Donovan's Sports,20096,3108,LKP_FILE,2023-12-08T11:49:55Z,null
123,Sporting Goods,20791,3811,LKP_FILE,2023-12-08T11:49:55Z,null
124,Paulista Esportes,20636,3655,LKP_FILE,2023-12-08T11:49:55Z,null
125,Extreme Outdoors,20085,3100,LKP_FILE,2023-12-08T11:49:55Z,null
126,VIP Department Stores,20009,3068,LKP_FILE,2023-12-08T11:49:55Z,null
127,Weston Outfitters,20166,3178,LKP_FILE,2023-12-08T11:49:55Z,null
128,Falcon Outfitters,20018,3074,LKP_FILE,2023-12-08T11:49:55Z,null
129,Extreme Outdoors,20090,3097,LKP_FILE,2023-12-08T11:49:55Z,null
130,Vertical Frontiers Mountain Gear,20545,3564,LKP_FILE,2023-12-08T11:49:55Z,null
131,Great Expeditions,20543,3562,LKP_FILE,2023-12-08T11:49:55Z,null
132,Sports Magnet,20521,3540,LKP_FILE,2023-12-08T11:49:55Z,null
133,Extreme Outdoors,20087,3095,LKP_FILE,2023-12-08T11:49:55Z,null
134,Second Wind Sports,20106,3119,LKP_FILE,2023-12-08T11:49:55Z,null
135,"Kingdee Co., LTD.",20649,3668,LKP_FILE,2023-12-08T11:49:55Z,null
136,NIPPON Sofcon Net,20236,3220,LKP_FILE,2023-12-08T11:49:55Z,null
137,South Yodogawa sports,20803,3823,LKP_FILE,2023-12-08T11:49:55Z,null
138,Hanshin Department,20682,3701,LKP_FILE,2023-12-08T11:49:55Z,null
139,Japan Sports Youhinten,20242,3226,LKP_FILE,2023-12-08T11:49:55Z,null
140,Baicida golf products development Ltd.,20822,3842,LKP_FILE,2023-12-08T11:49:55Z,null
141,Can't Beat The Bush Supplies,20617,3636,LKP_FILE,2023-12-08T11:49:55Z,null
142,Kitanaka Tozanyouhinten,20254,3238,LKP_FILE,2023-12-08T11:49:55Z,null
143,4 Golf only,20611,3630,LKP_FILE,2023-12-08T11:49:55Z,null
144,Hanagata Golf Shop,20249,3233,LKP_FILE,2023-12-08T11:49:55Z,null
145,ICI Umeda Campaign store,20854,3874,LKP_FILE,2023-12-08T11:49:55Z,null
146,"Rainbow Service Co., LTD.",20646,3665,LKP_FILE,2023-12-08T11:49:55Z,null
147,Hankook Sports,20685,3704,LKP_FILE,2023-12-08T11:49:55Z,null
148,Campingspecialisten,20264,3261,LKP_FILE,2023-12-08T11:49:55Z,null
149,Topforma,20277,3274,LKP_FILE,2023-12-08T11:49:55Z,null
150,Beter Buitenleven,20285,3282,LKP_FILE,2023-12-08T11:49:55Z,null
151,Kanga Kampers,20317,3302,LKP_FILE,2023-12-08T11:49:55Z,null
152,"New eyewear store 119, Amsterdam",20894,3914,LKP_FILE,2023-12-08T11:49:55Z,null
153,"Lan King Sports Co., LTD.",20377,3359,LKP_FILE,2023-12-08T11:49:55Z,null
154,Changqing golf stores,20824,3844,LKP_FILE,2023-12-08T11:49:55Z,null
155,Beach Beds Pty Ltd.,20319,3304,LKP_FILE,2023-12-08T11:49:55Z,null
156,Classens,20650,3669,LKP_FILE,2023-12-08T11:49:55Z,null
157,Taeho Sports,20355,3346,LKP_FILE,2023-12-08T11:49:55Z,null
158,Univers extérieur,20870,3890,LKP_FILE,2023-12-08T11:49:55Z,null
159,Air frais,20871,3891,LKP_FILE,2023-12-08T11:49:55Z,null
160,RosaCamping,20710,3729,LKP_FILE,2023-12-08T11:49:55Z,null
161,Die Camping-Halle,20465,3484,LKP_FILE,2023-12-08T11:49:55Z,null
162,Smith's Chemists,20747,3766,LKP_FILE,2023-12-08T11:49:55Z,null
163,Leisure Land,20407,3415,LKP_FILE,2023-12-08T11:49:55Z,null
164,Sport & Freizeit,20039,3044,LKP_FILE,2023-12-08T11:49:55Z,null
165,Extrem!,20052,3033,LKP_FILE,2023-12-08T11:49:55Z,null
166,In die Berge!,20057,3048,LKP_FILE,2023-12-08T11:49:55Z,null
167,Conception française,20884,3904,LKP_FILE,2023-12-08T11:49:55Z,null
168,Grand choix,20412,3421,LKP_FILE,2023-12-08T11:49:55Z,null
169,Crèmes solaires,20707,3726,LKP_FILE,2023-12-08T11:49:55Z,null
170,Campland Limited,20740,3759,LKP_FILE,2023-12-08T11:49:55Z,null
171,ActiForme,20196,3181,LKP_FILE,2023-12-08T11:49:55Z,null
172,Le Montagnard,20504,3523,LKP_FILE,2023-12-08T11:49:55Z,null
173,Golf's'us,20424,3433,LKP_FILE,2023-12-08T11:49:55Z,null
174,Sport & Freizeit,20041,3054,LKP_FILE,2023-12-08T11:49:55Z,null
175,Beck's Sports Store,20409,3417,LKP_FILE,2023-12-08T11:49:55Z,null
176,ActiForme,20195,3180,LKP_FILE,2023-12-08T11:49:55Z,null
177,Arnold's Clubs,20417,3426,LKP_FILE,2023-12-08T11:49:55Z,null
178,In die Berge!,20059,3038,LKP_FILE,2023-12-08T11:49:55Z,null
179,Caravanserai,20433,3442,LKP_FILE,2023-12-08T11:49:55Z,null
180,Golf Plus,20877,3897,LKP_FILE,2023-12-08T11:49:55Z,null
181,Arnold's Clubs,20418,3427,LKP_FILE,2023-12-08T11:49:55Z,null
182,Seamate Chandlers,20746,3765,LKP_FILE,2023-12-08T11:49:55Z,null
183,Windsurfing Zürichsee,20415,3424,LKP_FILE,2023-12-08T11:49:55Z,null
184,Tentes et cordages,20723,3742,LKP_FILE,2023-12-08T11:49:55Z,null
185,Jensen Mountaineering,20398,3406,LKP_FILE,2023-12-08T11:49:55Z,null
186,Acute Sight,20568,3587,LKP_FILE,2023-12-08T11:49:55Z,null
187,Aktive Markt,20846,3866,LKP_FILE,2023-12-08T11:49:55Z,null
188,Ausrüstungshaus Globetrotter,20442,3461,LKP_FILE,2023-12-08T11:49:55Z,null
189,Bellini,20313,3298,LKP_FILE,2023-12-08T11:49:55Z,null
190,Galeria Sport,20845,3865,LKP_FILE,2023-12-08T11:49:55Z,null
191,Gli Sportivi,20668,3687,LKP_FILE,2023-12-08T11:49:55Z,null
192,Euro-Kaufhaus,20844,3864,LKP_FILE,2023-12-08T11:49:55Z,null
193,Naranco de Bulnes,20326,3311,LKP_FILE,2023-12-08T11:49:55Z,null
194,Equipo del deporte,20883,3903,LKP_FILE,2023-12-08T11:49:55Z,null
195,Deposito di golf,20835,3855,LKP_FILE,2023-12-08T11:49:55Z,null
196,Gipfelstürmer,20489,3508,LKP_FILE,2023-12-08T11:49:55Z,null
197,Outdoor-Fachgeschäft Müller,20435,3454,LKP_FILE,2023-12-08T11:49:55Z,null
198,Olympia Ausrüstung,20621,3640,LKP_FILE,2023-12-08T11:49:55Z,null
199,Altitudes extrêmes,20208,3192,LKP_FILE,2023-12-08T11:49:55Z,null
200,Bellini,20314,3299,LKP_FILE,2023-12-08T11:49:55Z,null
201,Donovan's Sports,20098,3109,LKP_FILE,2023-12-08T11:49:55Z,null
202,Ins Freie!,20470,3489,LKP_FILE,2023-12-08T11:49:55Z,null
203,Arnold's Clubs,20422,3431,LKP_FILE,2023-12-08T11:49:55Z,null
204,"MER-KA-DOS, S.A. de C.V.",20233,3217,LKP_FILE,2023-12-08T11:49:55Z,null
205,Boot Camp Equipment,20573,3592,LKP_FILE,2023-12-08T11:49:55Z,null
206,Boutique L'Aventure,20457,3476,LKP_FILE,2023-12-08T11:49:55Z,null
207,København Storecenter,20660,3679,LKP_FILE,2023-12-08T11:49:55Z,null
208,Falcon Outfitters,20020,3017,LKP_FILE,2023-12-08T11:49:55Z,null
209,The Sport Pros,20556,3575,LKP_FILE,2023-12-08T11:49:55Z,null
210,Precipice Equipment,20449,3468,LKP_FILE,2023-12-08T11:49:55Z,null
211,Advanced Climbing Ltd,20031,3218,LKP_FILE,2023-12-08T11:49:55Z,null
212,Palácio do esporte,20901,3921,LKP_FILE,2023-12-08T11:49:55Z,null
213,Rei do Camping,20640,3659,LKP_FILE,2023-12-08T11:49:55Z,null
214,The Sports Factory,20577,3596,LKP_FILE,2023-12-08T11:49:55Z,null
215,"MER-KA-DOS, S.A. de C.V.",20230,3214,LKP_FILE,2023-12-08T11:49:55Z,null
216,Buena Vista Eyeware,20111,3122,LKP_FILE,2023-12-08T11:49:55Z,null
217,Golf Universe,20792,3812,LKP_FILE,2023-12-08T11:49:55Z,null
218,Goldberg Golf & Tennis,20787,3807,LKP_FILE,2023-12-08T11:49:55Z,null
219,Hill Street Sports,20484,3503,LKP_FILE,2023-12-08T11:49:55Z,null
220,Consumer Club,20129,3137,LKP_FILE,2023-12-08T11:49:55Z,null
221,Franklin's Department Store,20550,3569,LKP_FILE,2023-12-08T11:49:55Z,null
222,Billing's Department Store,20535,3554,LKP_FILE,2023-12-08T11:49:55Z,null
223,Rock Steady,20002,3007,LKP_FILE,2023-12-08T11:49:55Z,null
224,The Mountain Specialists,20571,3590,LKP_FILE,2023-12-08T11:49:55Z,null
225,The Last Frontier,20553,3572,LKP_FILE,2023-12-08T11:49:55Z,null
226,Hartman's,20138,3153,LKP_FILE,2023-12-08T11:49:55Z,null
227,Mega-Outlet,20144,3158,LKP_FILE,2023-12-08T11:49:55Z,null
228,Hartman's,20140,3150,LKP_FILE,2023-12-08T11:49:55Z,null
229,Weston Outfitters,20167,3176,LKP_FILE,2023-12-08T11:49:55Z,null
230,Rock Steady,20003,3016,LKP_FILE,2023-12-08T11:49:55Z,null
231,Big Portage Outfitters,20539,3558,LKP_FILE,2023-12-08T11:49:55Z,null
232,Maoyu outdoors shop,20818,3838,LKP_FILE,2023-12-08T11:49:55Z,null
233,"Hangzhou Superman Sports Goods Co., LTD.",20382,3364,LKP_FILE,2023-12-08T11:49:55Z,null
234,Daeung Rental,20681,3700,LKP_FILE,2023-12-08T11:49:55Z,null
235,Yamazaki Sport Youhinten,20603,3622,LKP_FILE,2023-12-08T11:49:55Z,null
236,Taeho Sports,20352,3343,LKP_FILE,2023-12-08T11:49:55Z,null
237,"Chen Yu Enterprise Co.,",20358,3349,LKP_FILE,2023-12-08T11:49:55Z,null
238,Kanjosen Sport,20256,3240,LKP_FILE,2023-12-08T11:49:55Z,null
239,Samdo Club,20688,3707,LKP_FILE,2023-12-08T11:49:55Z,null
240,Hansung Golf,20349,3340,LKP_FILE,2023-12-08T11:49:55Z,null
241,DongHan company,20683,3702,LKP_FILE,2023-12-08T11:49:55Z,null
242,1 for 1 Sports shop,20853,3873,LKP_FILE,2023-12-08T11:49:55Z,null
243,Super National Co. Ltd.,20852,3872,LKP_FILE,2023-12-08T11:49:55Z,null
244,Tiankong outdoors shop,20820,3840,LKP_FILE,2023-12-08T11:49:55Z,null
245,Japan Sports Youhinten,20245,3229,LKP_FILE,2023-12-08T11:49:55Z,null
246,OutBack Pty,20613,3632,LKP_FILE,2023-12-08T11:49:55Z,null
247,Beach Beds Pty Ltd.,20321,3306,LKP_FILE,2023-12-08T11:49:55Z,null
248,B&D Yodoyabashi adhoc store,20860,3880,LKP_FILE,2023-12-08T11:49:55Z,null
249,Action Factory,20795,3815,LKP_FILE,2023-12-08T11:49:55Z,null
250,Sport Jonas,20265,3262,LKP_FILE,2023-12-08T11:49:55Z,null
251,Extra Sport,20291,3288,LKP_FILE,2023-12-08T11:49:55Z,null
252,Sport Experten AB,20769,3788,LKP_FILE,2023-12-08T11:49:55Z,null
253,Urheilu Sihvola,20666,3685,LKP_FILE,2023-12-08T11:49:55Z,null
254,Arjan Aitta,20343,3334,LKP_FILE,2023-12-08T11:49:55Z,null
255,Hansung Golf,20347,3338,LKP_FILE,2023-12-08T11:49:55Z,null
256,Nanhe travel Co. Ltd.,20831,3851,LKP_FILE,2023-12-08T11:49:55Z,null
257,Alpine gallary sports,20857,3877,LKP_FILE,2023-12-08T11:49:55Z,null
258,Todoroki Outdoor Shop,20600,3619,LKP_FILE,2023-12-08T11:49:55Z,null
259,"Lan King Sports Co., LTD.",20385,3367,LKP_FILE,2023-12-08T11:49:55Z,null
260,"Chen Yu Enterprise Co.,",20360,3351,LKP_FILE,2023-12-08T11:49:55Z,null
261,Grand choix,20215,3199,LKP_FILE,2023-12-08T11:49:55Z,null
262,Camping Sauvage,20212,3198,LKP_FILE,2023-12-08T11:49:55Z,null
263,La bonne Forme,20220,3205,LKP_FILE,2023-12-08T11:49:55Z,null
264,Sports d'Hiver,20517,3536,LKP_FILE,2023-12-08T11:49:55Z,null
265,Total Sports,20753,3772,LKP_FILE,2023-12-08T11:49:55Z,null
266,Starsight Limited,20749,3768,LKP_FILE,2023-12-08T11:49:55Z,null
267,Cordages Discount,20201,3188,LKP_FILE,2023-12-08T11:49:55Z,null
268,Beck's Sports Store,20404,3412,LKP_FILE,2023-12-08T11:49:55Z,null
269,Percy's Irons,20736,3755,LKP_FILE,2023-12-08T11:49:55Z,null
270,Stock Express,20633,3652,LKP_FILE,2023-12-08T11:49:55Z,null
271,Kermasport,20772,3791,LKP_FILE,2023-12-08T11:49:55Z,null
272,Baxters Pro Shop,20737,3756,LKP_FILE,2023-12-08T11:49:55Z,null
273,Mondo Neve,20726,3745,LKP_FILE,2023-12-08T11:49:55Z,null
274,La bonne Forme,20221,3206,LKP_FILE,2023-12-08T11:49:55Z,null
275,Jensen Mountaineering,20397,3405,LKP_FILE,2023-12-08T11:49:55Z,null
276,Ralph's Hike-Shop,20490,3509,LKP_FILE,2023-12-08T11:49:55Z,null
277,La poudreuse,20515,3534,LKP_FILE,2023-12-08T11:49:55Z,null
278,Ike's Sports and Leisure,20807,3827,LKP_FILE,2023-12-08T11:49:55Z,null
279,Stock & Save,20888,3908,LKP_FILE,2023-12-08T11:49:55Z,null
280,Der Fitness-Doktor,20033,3042,LKP_FILE,2023-12-08T11:49:55Z,null
281,Caravanserai,20431,3440,LKP_FILE,2023-12-08T11:49:55Z,null
282,Jensen Mountaineering,20402,3410,LKP_FILE,2023-12-08T11:49:55Z,null
283,Grand choix,20416,3425,LKP_FILE,2023-12-08T11:49:55Z,null
284,Club und Freizeit GmbH,20460,3479,LKP_FILE,2023-12-08T11:49:55Z,null
285,RR:s Stormarknad,20758,3777,LKP_FILE,2023-12-08T11:49:55Z,null
286,Sportworld,20276,3273,LKP_FILE,2023-12-08T11:49:55Z,null
287,Camping 2000,20627,3646,LKP_FILE,2023-12-08T11:49:55Z,null
288,Marco & Figli ,20834,3854,LKP_FILE,2023-12-08T11:49:55Z,null
289,Giorgi,20674,3693,LKP_FILE,2023-12-08T11:49:55Z,null
290,Unternehmungslustig,20847,3867,LKP_FILE,2023-12-08T11:49:55Z,null
291,Ocio y Aventura,20328,3313,LKP_FILE,2023-12-08T11:49:55Z,null
292,Mari&Monti,20669,3688,LKP_FILE,2023-12-08T11:49:55Z,null
293,Sportladen 1-2-3,20626,3645,LKP_FILE,2023-12-08T11:49:55Z,null
294,Der Golfshop,20623,3642,LKP_FILE,2023-12-08T11:49:55Z,null
295,Mundo del deporte,20881,3901,LKP_FILE,2023-12-08T11:49:55Z,null
296,Die Sportstube,20463,3482,LKP_FILE,2023-12-08T11:49:55Z,null
297,Stinas Campingutrustning,20771,3790,LKP_FILE,2023-12-08T11:49:55Z,null
298,Golfer's Paradise,20454,3473,LKP_FILE,2023-12-08T11:49:55Z,null
299,Picos,20701,3720,LKP_FILE,2023-12-08T11:49:55Z,null
300,Eyewear 2000,20451,3470,LKP_FILE,2023-12-08T11:49:55Z,null
301,American Home,20162,3169,LKP_FILE,2023-12-08T11:49:55Z,null
302,Paradiso della Tenda,20312,3297,LKP_FILE,2023-12-08T11:49:55Z,null
303,Connor Department Store,20134,3143,LKP_FILE,2023-12-08T11:49:55Z,null
304,Golf Haus,20724,3743,LKP_FILE,2023-12-08T11:49:55Z,null
305,Outdoor-Fachgeschäft Müller,20438,3457,LKP_FILE,2023-12-08T11:49:55Z,null
306,Allt för camping AB,20767,3786,LKP_FILE,2023-12-08T11:49:55Z,null
307,American Home,20159,3174,LKP_FILE,2023-12-08T11:49:55Z,null
308,Golfmaailma HL,20664,3683,LKP_FILE,2023-12-08T11:49:55Z,null
309,Swing Back,20631,3650,LKP_FILE,2023-12-08T11:49:55Z,null
310,The Golf Cart,20554,3573,LKP_FILE,2023-12-08T11:49:55Z,null
311,Hai Wan Shin Sport Equipment Co.,20366,3357,LKP_FILE,2023-12-08T11:49:55Z,null
312,Sportmans Warehouse,20546,3565,LKP_FILE,2023-12-08T11:49:55Z,null
313,Leisure Land,20408,3416,LKP_FILE,2023-12-08T11:49:55Z,null
314,Reisemarkt,20472,3491,LKP_FILE,2023-12-08T11:49:55Z,null
315,Clear Valley Waters,20450,3469,LKP_FILE,2023-12-08T11:49:55Z,null
316,Ultra Sports,20006,3066,LKP_FILE,2023-12-08T11:49:55Z,null
317,The Marketplace,20078,3086,LKP_FILE,2023-12-08T11:49:55Z,null
318,"Todo para el Golf, S.A. de C.V.",20229,3213,LKP_FILE,2023-12-08T11:49:55Z,null
319,Husky Outfitters,20533,3552,LKP_FILE,2023-12-08T11:49:55Z,null
320,Outdoors Direct,20551,3570,LKP_FILE,2023-12-08T11:49:55Z,null
321,Eagle Eyes,20537,3556,LKP_FILE,2023-12-08T11:49:55Z,null
322,Ao ar livre,20897,3917,LKP_FILE,2023-12-08T11:49:55Z,null
323,Second Wind Sports,20105,3118,LKP_FILE,2023-12-08T11:49:55Z,null
324,Nature Voyageurs,20538,3557,LKP_FILE,2023-12-08T11:49:55Z,null
325,Barry's Discount Golf Shop,20785,3805,LKP_FILE,2023-12-08T11:49:55Z,null
326,Parr's Golf Store,20576,3595,LKP_FILE,2023-12-08T11:49:55Z,null
327,Sallinger's Power Golf,20788,3808,LKP_FILE,2023-12-08T11:49:55Z,null
328,By A Thread,20137,3147,LKP_FILE,2023-12-08T11:49:55Z,null
329,"Artículos de Campismo El Aquila, S.A. de C.V.",20226,3210,LKP_FILE,2023-12-08T11:49:55Z,null
330,Big Fundy Outfitters,20523,3542,LKP_FILE,2023-12-08T11:49:55Z,null
331,Nature Bound,20557,3576,LKP_FILE,2023-12-08T11:49:55Z,null
332,Terra Nova Camping Rentals,20524,3543,LKP_FILE,2023-12-08T11:49:55Z,null
333,"MER-KA-DOS, S.A. de C.V.",20232,3216,LKP_FILE,2023-12-08T11:49:55Z,null
334,Consumer Club,20128,3135,LKP_FILE,2023-12-08T11:49:55Z,null
335,Maximum Sports,20025,3011,LKP_FILE,2023-12-08T11:49:55Z,null
336,The Wilderness Experts,20540,3559,LKP_FILE,2023-12-08T11:49:55Z,null
337,Extreme Outdoors,20084,3101,LKP_FILE,2023-12-08T11:49:55Z,null
338,Act'N'Up Fitness,20027,3013,LKP_FILE,2023-12-08T11:49:55Z,null
339,Outdoor Gear Co-op,20072,3083,LKP_FILE,2023-12-08T11:49:55Z,null
340,Act'N'Up Fitness,20028,3031,LKP_FILE,2023-12-08T11:49:55Z,null
341,Outdoor Gear Co-op,20068,3081,LKP_FILE,2023-12-08T11:49:55Z,null
342,Crazy Canucks,20569,3588,LKP_FILE,2023-12-08T11:49:55Z,null
343,The Wilderness Hut,20531,3550,LKP_FILE,2023-12-08T11:49:55Z,null
344,Starting Line Sports,20560,3579,LKP_FILE,2023-12-08T11:49:55Z,null
345,American Home,20156,3172,LKP_FILE,2023-12-08T11:49:55Z,null
346,Ultra Sports,20007,3023,LKP_FILE,2023-12-08T11:49:55Z,null
347,Fresh Air Co,20455,3474,LKP_FILE,2023-12-08T11:49:55Z,null
348,Outdoor Gear Co-op,20069,3080,LKP_FILE,2023-12-08T11:49:55Z,null
349,Connor Department Store,20133,3142,LKP_FILE,2023-12-08T11:49:55Z,null
350,Falcon Outfitters,20017,3073,LKP_FILE,2023-12-08T11:49:55Z,null
351,Nanyang outdoors equipment,20827,3847,LKP_FILE,2023-12-08T11:49:55Z,null
352,Metro department store,20832,3852,LKP_FILE,2023-12-08T11:49:55Z,null
353,Kennex sporting goods Co. Ltd.,20814,3834,LKP_FILE,2023-12-08T11:49:55Z,null
354,Shanghai international outdoors Monopoly,20825,3845,LKP_FILE,2023-12-08T11:49:55Z,null
355,COMLINRK International Enterprises LTD.,20648,3667,LKP_FILE,2023-12-08T11:49:55Z,null
356,Shinozaki Outdoor Shop,20598,3617,LKP_FILE,2023-12-08T11:49:55Z,null
357,Chuei Hyakkaten,20239,3223,LKP_FILE,2023-12-08T11:49:55Z,null
358,Golf Shop Jiro,20240,3224,LKP_FILE,2023-12-08T11:49:55Z,null
359,W&S Gloria Sport Center,20643,3662,LKP_FILE,2023-12-08T11:49:55Z,null
360,"Lan King Sports Co., LTD.",20379,3361,LKP_FILE,2023-12-08T11:49:55Z,null
361,Yuan Li Enterprises Co.,20729,3748,LKP_FILE,2023-12-08T11:49:55Z,null
362,New Vision,20890,3910,LKP_FILE,2023-12-08T11:49:55Z,null
363,Tokyo Megane,20601,3620,LKP_FILE,2023-12-08T11:49:55Z,null
364,Nike sports goods boutique,20812,3832,LKP_FILE,2023-12-08T11:49:55Z,null
365,Mitumaru Shoji Sport Youhinten,20593,3612,LKP_FILE,2023-12-08T11:49:55Z,null
366,"Mikami Co. Ltd.,  Osaka",20859,3879,LKP_FILE,2023-12-08T11:49:55Z,null
367,Mentai Sport Shop,20608,3627,LKP_FILE,2023-12-08T11:49:55Z,null
368,Kanga Kampers,20322,3307,LKP_FILE,2023-12-08T11:49:55Z,null
369,Kanga Kampers,20325,3310,LKP_FILE,2023-12-08T11:49:55Z,null
370,Rantalan Tukku,20667,3686,LKP_FILE,2023-12-08T11:49:55Z,null
371,Preben's Tøy,20339,3330,LKP_FILE,2023-12-08T11:49:55Z,null
372,Arjan Aitta,20346,3337,LKP_FILE,2023-12-08T11:49:55Z,null
373,Anywhere Everywhere,20692,3711,LKP_FILE,2023-12-08T11:49:55Z,null
374,Sport Jonas,20267,3264,LKP_FILE,2023-12-08T11:49:55Z,null
375,Sport Jonas,20266,3263,LKP_FILE,2023-12-08T11:49:55Z,null
376,Storkøb,20657,3676,LKP_FILE,2023-12-08T11:49:55Z,null
377,Skog & Mark AB,20763,3782,LKP_FILE,2023-12-08T11:49:55Z,null
378,Top End Equipment,20610,3629,LKP_FILE,2023-12-08T11:49:55Z,null
379,World-Wild Sport Equipment Co.,20727,3746,LKP_FILE,2023-12-08T11:49:55Z,null
380,Niaojie Characteristics supplies,20829,3849,LKP_FILE,2023-12-08T11:49:55Z,null
381,"Chen Ze May Enterprises Co., Ltd.",20735,3754,LKP_FILE,2023-12-08T11:49:55Z,null
382,Fred's Sportpaleis,20696,3715,LKP_FILE,2023-12-08T11:49:55Z,null
383,Toppform AB,20770,3789,LKP_FILE,2023-12-08T11:49:55Z,null
384,Gin May Enterprises Co.,20728,3747,LKP_FILE,2023-12-08T11:49:55Z,null
385,Hai Wan Shin Sport Equipment Co.,20357,3348,LKP_FILE,2023-12-08T11:49:55Z,null
386,Kanjosen Sport,20243,3227,LKP_FILE,2023-12-08T11:49:55Z,null
387,Benriya Net,20606,3625,LKP_FILE,2023-12-08T11:49:55Z,null
388,Hanagata Golf Shop,20248,3232,LKP_FILE,2023-12-08T11:49:55Z,null
389,Kanjosen Sport,20257,3241,LKP_FILE,2023-12-08T11:49:55Z,null
390,Hurst Ironmongers,20410,3418,LKP_FILE,2023-12-08T11:49:55Z,null
391,Grand choix,20216,3202,LKP_FILE,2023-12-08T11:49:55Z,null
392,La bonne Forme,20219,3207,LKP_FILE,2023-12-08T11:49:55Z,null
393,Cordages Discount,20203,3185,LKP_FILE,2023-12-08T11:49:55Z,null
394,Holstein Golf,20043,3045,LKP_FILE,2023-12-08T11:49:55Z,null
395,Die Zeltstadt,20047,3040,LKP_FILE,2023-12-08T11:49:55Z,null
396,Outdoor Experience,20391,3399,LKP_FILE,2023-12-08T11:49:55Z,null
397,Jensen Mountaineering,20392,3400,LKP_FILE,2023-12-08T11:49:55Z,null
398,Sport & Freizeit,20037,3039,LKP_FILE,2023-12-08T11:49:55Z,null
399,Nautic Aspect,20775,3795,LKP_FILE,2023-12-08T11:49:55Z,null
400,Het Sporthuis,20629,3648,LKP_FILE,2023-12-08T11:49:55Z,null
401,Caravanserai,20432,3441,LKP_FILE,2023-12-08T11:49:55Z,null
402,Contacts maisons,20708,3727,LKP_FILE,2023-12-08T11:49:55Z,null
403,Sports Scene,20805,3825,LKP_FILE,2023-12-08T11:49:55Z,null
404,Divers Montagne,20717,3736,LKP_FILE,2023-12-08T11:49:55Z,null
405,Die Zeltstadt,20049,3050,LKP_FILE,2023-12-08T11:49:55Z,null
406,Cordages Discount,20204,3186,LKP_FILE,2023-12-08T11:49:55Z,null
407,"New golf store 128, Birmingham",20903,3924,LKP_FILE,2023-12-08T11:49:55Z,null
408,Berger Sport en gros,20518,3537,LKP_FILE,2023-12-08T11:49:55Z,null
409,Fitworld,20808,3828,LKP_FILE,2023-12-08T11:49:55Z,null
410,Mont Blanc,20503,3522,LKP_FILE,2023-12-08T11:49:55Z,null
411,Outdoor Experience,20396,3404,LKP_FILE,2023-12-08T11:49:55Z,null
412,Grand choix,20218,3200,LKP_FILE,2023-12-08T11:49:55Z,null
413,Par monts et par vaux,20507,3526,LKP_FILE,2023-12-08T11:49:55Z,null
414,Der Fitness-Doktor,20035,3049,LKP_FILE,2023-12-08T11:49:55Z,null
415,Tee Time Limited,20751,3770,LKP_FILE,2023-12-08T11:49:55Z,null
416,The Bazaar,20565,3584,LKP_FILE,2023-12-08T11:49:55Z,null
417,Tre Valli,20670,3689,LKP_FILE,2023-12-08T11:49:55Z,null
418,Supremas Montañas,20706,3725,LKP_FILE,2023-12-08T11:49:55Z,null
419,Sulla montagna,20838,3858,LKP_FILE,2023-12-08T11:49:55Z,null
420,Ausrüstungshaus Globetrotter,20439,3458,LKP_FILE,2023-12-08T11:49:55Z,null
421,Sporthaus Moser,20619,3638,LKP_FILE,2023-12-08T11:49:55Z,null
422,All'aperto esperienza,20840,3860,LKP_FILE,2023-12-08T11:49:55Z,null
423,Ocio y Aventura,20334,3319,LKP_FILE,2023-12-08T11:49:55Z,null
424,Universo del deporte,20882,3902,LKP_FILE,2023-12-08T11:49:55Z,null
425,Golf España,20704,3723,LKP_FILE,2023-12-08T11:49:55Z,null
426,FreshCo,20743,3762,LKP_FILE,2023-12-08T11:49:55Z,null
427,NonSoloNeve,20304,3289,LKP_FILE,2023-12-08T11:49:55Z,null
428,Hansung Golf,20350,3341,LKP_FILE,2023-12-08T11:49:55Z,null
429,American Home,20161,3171,LKP_FILE,2023-12-08T11:49:55Z,null
430,American Home,20163,3168,LKP_FILE,2023-12-08T11:49:55Z,null
431,Hole in One AB,20765,3784,LKP_FILE,2023-12-08T11:49:55Z,null
432,Consumer Club,20127,3139,LKP_FILE,2023-12-08T11:49:55Z,null
433,Clubhouse Sports,20458,3477,LKP_FILE,2023-12-08T11:49:55Z,null
434,Hartman's,20143,3154,LKP_FILE,2023-12-08T11:49:55Z,null
435,The Canoe Experts,20572,3591,LKP_FILE,2023-12-08T11:49:55Z,null
436,On the Green Rentals,20567,3586,LKP_FILE,2023-12-08T11:49:55Z,null
437,Eye Dimensions,20093,3104,LKP_FILE,2023-12-08T11:49:55Z,null
438,Sports Crossing,20561,3580,LKP_FILE,2023-12-08T11:49:55Z,null
439,Mega-Outlet,20147,3160,LKP_FILE,2023-12-08T11:49:55Z,null
440,Sporting Goods Direct,20522,3541,LKP_FILE,2023-12-08T11:49:55Z,null
441,Consumer Club,20126,3140,LKP_FILE,2023-12-08T11:49:55Z,null
442,Golf Masters,20074,3084,LKP_FILE,2023-12-08T11:49:55Z,null
443,Island Sports,20863,3883,LKP_FILE,2023-12-08T11:49:55Z,null
444,Champs,20781,3801,LKP_FILE,2023-12-08T11:49:55Z,null
445,Maximum Sports,20023,3005,LKP_FILE,2023-12-08T11:49:55Z,null
446,The Power Swing,20793,3813,LKP_FILE,2023-12-08T11:49:55Z,null
447,Expedition Outfitters,20491,3510,LKP_FILE,2023-12-08T11:49:55Z,null
448,Jack and Jill Climbing School & Supplies,20113,3124,LKP_FILE,2023-12-08T11:49:55Z,null
449,Falcon Outfitters,20100,3111,LKP_FILE,2023-12-08T11:49:55Z,null
450,Mom's Camping Goods,20578,3597,LKP_FILE,2023-12-08T11:49:55Z,null
451,"Artículos de Campismo El Aquila, S.A. de C.V.",20224,3208,LKP_FILE,2023-12-08T11:49:55Z,null
452,Ultra Sports,20004,3006,LKP_FILE,2023-12-08T11:49:55Z,null
453,Extreme Outdoors,20086,3099,LKP_FILE,2023-12-08T11:49:55Z,null
454,Edward's Department Store,20119,3129,LKP_FILE,2023-12-08T11:49:55Z,null
455,Mountain Madness,20008,3067,LKP_FILE,2023-12-08T11:49:55Z,null
456,Big T's Camping Supplies,20482,3501,LKP_FILE,2023-12-08T11:49:55Z,null
457,Falcon Outfitters,20019,3004,LKP_FILE,2023-12-08T11:49:55Z,null
458,Off Course Golf Shop,20548,3567,LKP_FILE,2023-12-08T11:49:55Z,null
459,Falcon Outfitters,20101,3112,LKP_FILE,2023-12-08T11:49:55Z,null
460,Second Wind Sports,20104,3114,LKP_FILE,2023-12-08T11:49:55Z,null
461,Buruilin outdoor leisure Club,20819,3839,LKP_FILE,2023-12-08T11:49:55Z,null
462,Nankyu Outdoor Youhin Senmonten,20594,3613,LKP_FILE,2023-12-08T11:49:55Z,null
463,Shoumaru Hyakkaten,20599,3618,LKP_FILE,2023-12-08T11:49:55Z,null
464,Kong's Sports,20686,3705,LKP_FILE,2023-12-08T11:49:55Z,null
465,Kurashiro Golf Ten,20591,3610,LKP_FILE,2023-12-08T11:49:55Z,null
466,"Lan King Sports Co., LTD.",20383,3365,LKP_FILE,2023-12-08T11:49:55Z,null
467,Sport Jonas,20268,3265,LKP_FILE,2023-12-08T11:49:55Z,null
468,Sportworld,20272,3269,LKP_FILE,2023-12-08T11:49:55Z,null
469,Kampeer Top Shop,20698,3717,LKP_FILE,2023-12-08T11:49:55Z,null
470,Silversport,20796,3816,LKP_FILE,2023-12-08T11:49:55Z,null
471,Campingspecialisten,20262,3259,LKP_FILE,2023-12-08T11:49:55Z,null
472,Ulkopuolella,20800,3820,LKP_FILE,2023-12-08T11:49:55Z,null
473,Benjian golf stores,20823,3843,LKP_FILE,2023-12-08T11:49:55Z,null
474,Taeho Sports,20356,3347,LKP_FILE,2023-12-08T11:49:55Z,null
475,Japan Sports Youhinten,20246,3230,LKP_FILE,2023-12-08T11:49:55Z,null
476,Holland Zonzoekers,20282,3279,LKP_FILE,2023-12-08T11:49:55Z,null
477,"China Multi-channel Sports Co., LTD.",20381,3363,LKP_FILE,2023-12-08T11:49:55Z,null
478,Kanga Kampers,20324,3309,LKP_FILE,2023-12-08T11:49:55Z,null
479,"Hangzhou Superman Sports Goods Co., LTD.",20380,3362,LKP_FILE,2023-12-08T11:49:55Z,null
480,Hanagata Golf Shop,20252,3236,LKP_FILE,2023-12-08T11:49:55Z,null
481,"New golf store 127, London",20902,3923,LKP_FILE,2023-12-08T11:49:55Z,null
482,Outdoor Experience,20390,3398,LKP_FILE,2023-12-08T11:49:55Z,null
483,Up and Running,20809,3829,LKP_FILE,2023-12-08T11:49:55Z,null
484,Hurst Ironmongers,20389,3397,LKP_FILE,2023-12-08T11:49:55Z,null
485,Supertramp,20720,3739,LKP_FILE,2023-12-08T11:49:55Z,null
486,Caravanserai,20430,3439,LKP_FILE,2023-12-08T11:49:55Z,null
487,Holstein Golf,20046,3061,LKP_FILE,2023-12-08T11:49:55Z,null
488,Die Zeltstadt,20050,3034,LKP_FILE,2023-12-08T11:49:55Z,null
489,Camping Sauvage,20210,3195,LKP_FILE,2023-12-08T11:49:55Z,null
490,Leisure Land,20387,3395,LKP_FILE,2023-12-08T11:49:55Z,null
491,Construction Montagne,20709,3728,LKP_FILE,2023-12-08T11:49:55Z,null
492,Extrem!,20055,3053,LKP_FILE,2023-12-08T11:49:55Z,null
493,Breathe Free ltd,20738,3757,LKP_FILE,2023-12-08T11:49:55Z,null
494,Aux meilleurs prix,20519,3538,LKP_FILE,2023-12-08T11:49:55Z,null
495,Der Camping-Spezialist,20466,3485,LKP_FILE,2023-12-08T11:49:55Z,null
496,Produits Vivifiants,20501,3520,LKP_FILE,2023-12-08T11:49:55Z,null
497,Super-Tourist,20467,3486,LKP_FILE,2023-12-08T11:49:55Z,null
498,Golf's'us,20425,3434,LKP_FILE,2023-12-08T11:49:55Z,null
499,"New sports store 130, Zurich",20905,3926,LKP_FILE,2023-12-08T11:49:55Z,null
500,Au vieux montagnard,20514,3533,LKP_FILE,2023-12-08T11:49:55Z,null
501,Weitblick,20061,3058,LKP_FILE,2023-12-08T11:49:55Z,null
502,Sport Plaisir,20513,3532,LKP_FILE,2023-12-08T11:49:55Z,null
503,La bonne Forme,20222,3203,LKP_FILE,2023-12-08T11:49:55Z,null
504,Franklins',20756,3775,LKP_FILE,2023-12-08T11:49:55Z,null
505,Brown's Opticians,20739,3758,LKP_FILE,2023-12-08T11:49:55Z,null
506,Windsurfing Zürichsee,20421,3430,LKP_FILE,2023-12-08T11:49:55Z,null
507,Valle Luz,20702,3721,LKP_FILE,2023-12-08T11:49:55Z,null
508,NonSoloNeve,20305,3290,LKP_FILE,2023-12-08T11:49:55Z,null
509,Sport Gestion,20878,3898,LKP_FILE,2023-12-08T11:49:55Z,null
510,Outdoor-Fachgeschäft Müller,20434,3453,LKP_FILE,2023-12-08T11:49:55Z,null
511,Bazar Sport,20880,3900,LKP_FILE,2023-12-08T11:49:55Z,null
512,Gammamoto,20837,3857,LKP_FILE,2023-12-08T11:49:55Z,null
513,NonSoloNeve,20306,3291,LKP_FILE,2023-12-08T11:49:55Z,null
514,Outdoor-Fachgeschäft Müller,20437,3456,LKP_FILE,2023-12-08T11:49:55Z,null
515,Compagnia dei Viaggiatori,20677,3696,LKP_FILE,2023-12-08T11:49:55Z,null
516,Edward's Department Store,20118,3128,LKP_FILE,2023-12-08T11:49:55Z,null
517,Outdoor World,20745,3764,LKP_FILE,2023-12-08T11:49:55Z,null
518,Het Fitte Gevoel,20693,3712,LKP_FILE,2023-12-08T11:49:55Z,null
519,American Home,20157,3170,LKP_FILE,2023-12-08T11:49:55Z,null
520,Golf Shop Jiro,20244,3228,LKP_FILE,2023-12-08T11:49:55Z,null
521,The Wilderness Depot,20549,3568,LKP_FILE,2023-12-08T11:49:55Z,null
522,Die Zeltstadt,20048,3057,LKP_FILE,2023-12-08T11:49:55Z,null
523,Esportes Grumari,20335,3320,LKP_FILE,2023-12-08T11:49:55Z,null
524,Le Golfeur,20014,3010,LKP_FILE,2023-12-08T11:49:55Z,null
525,"Deportes Pepe, S.C.",20494,3513,LKP_FILE,2023-12-08T11:49:55Z,null
526,VIP Department Stores,20013,3070,LKP_FILE,2023-12-08T11:49:55Z,null
527,Sunglass Corner,20015,3071,LKP_FILE,2023-12-08T11:49:55Z,null
528,The World of Sports,20564,3583,LKP_FILE,2023-12-08T11:49:55Z,null
529,Mega-Outlet,20145,3159,LKP_FILE,2023-12-08T11:49:55Z,null
530,Second Wind Sports,20108,3117,LKP_FILE,2023-12-08T11:49:55Z,null
531,Kavanagh Sports,20530,3549,LKP_FILE,2023-12-08T11:49:55Z,null
532,Universo Acampando,20896,3916,LKP_FILE,2023-12-08T11:49:55Z,null
533,Up The Creek,20152,3164,LKP_FILE,2023-12-08T11:49:55Z,null
534,Optical Vision,20885,3905,LKP_FILE,2023-12-08T11:49:55Z,null
535,"Deportes Martín, S.A. de C.V.",20496,3515,LKP_FILE,2023-12-08T11:49:55Z,null
536,Odds and Ends Fishing Tackle,20526,3545,LKP_FILE,2023-12-08T11:49:55Z,null
537,Jackson Sporting Goods,20779,3799,LKP_FILE,2023-12-08T11:49:55Z,null
538,The Sport Pros,20783,3803,LKP_FILE,2023-12-08T11:49:55Z,null
539,Donovan's Sports,20097,3106,LKP_FILE,2023-12-08T11:49:55Z,null
540,Trail Masters,20102,3113,LKP_FILE,2023-12-08T11:49:55Z,null
541,Pack Man,20487,3506,LKP_FILE,2023-12-08T11:49:55Z,null
542,Excellence en Montagne,20446,3465,LKP_FILE,2023-12-08T11:49:55Z,null
543,"Artículos de Campismo El Aquila, S.A. de C.V.",20228,3212,LKP_FILE,2023-12-08T11:49:55Z,null
544,Tamarack Outfitter Rentals,20083,3092,LKP_FILE,2023-12-08T11:49:55Z,null
545,Consumer Club,20124,3136,LKP_FILE,2023-12-08T11:49:55Z,null
546,Granite Mountain Gear,20528,3547,LKP_FILE,2023-12-08T11:49:55Z,null
547,Outdoor Gear Co-op,20070,3079,LKP_FILE,2023-12-08T11:49:55Z,null
548,Morro Sports,20641,3660,LKP_FILE,2023-12-08T11:49:55Z,null
549,Extreme Outdoors,20091,3096,LKP_FILE,2023-12-08T11:49:55Z,null
550,"New eyewear store 111, Seattle",20886,3906,LKP_FILE,2023-12-08T11:49:55Z,null
551,Parkland Camping Rentals,20120,3132,LKP_FILE,2023-12-08T11:49:55Z,null
552,Red Wiggler Tackle Shop,20536,3555,LKP_FILE,2023-12-08T11:49:55Z,null
553,Dekalb Avignon (Shanghai) sporting goods Co. Ltd.,20816,3836,LKP_FILE,2023-12-08T11:49:55Z,null
554,Chuan Yang Sport Equipment Co.,20731,3750,LKP_FILE,2023-12-08T11:49:55Z,null
555,Hankai Tozanyouhinten,20587,3606,LKP_FILE,2023-12-08T11:49:55Z,null
556,Hong Wai Enterprises Co.,20730,3749,LKP_FILE,2023-12-08T11:49:55Z,null
557,ORDER Group,20647,3666,LKP_FILE,2023-12-08T11:49:55Z,null
558,James Enterprise Co.,20734,3753,LKP_FILE,2023-12-08T11:49:55Z,null
559,Wujie Guangchang equipment,20893,3913,LKP_FILE,2023-12-08T11:49:55Z,null
560,"Hangzhou Superman Sports Goods Co., LTD.",20378,3360,LKP_FILE,2023-12-08T11:49:55Z,null
561,Hai Wan Shin Sport Equipment Co.,20361,3352,LKP_FILE,2023-12-08T11:49:55Z,null
562,Shanghai Theis golf goods Co. Ltd.,20821,3841,LKP_FILE,2023-12-08T11:49:55Z,null
563,Southern Cross Pty.,20616,3635,LKP_FILE,2023-12-08T11:49:55Z,null
564,Fukuoka Golf Shop,20584,3603,LKP_FILE,2023-12-08T11:49:55Z,null
565,Beach Beds Pty Ltd.,20318,3303,LKP_FILE,2023-12-08T11:49:55Z,null
566,Fu Chin Sport Equipment Co.,20362,3353,LKP_FILE,2023-12-08T11:49:55Z,null
567,Hakata Tozanyouhin Senmonten,20586,3605,LKP_FILE,2023-12-08T11:49:55Z,null
568,Get Out,20279,3276,LKP_FILE,2023-12-08T11:49:55Z,null
569,Tavaratalo Mattas Oy,20661,3680,LKP_FILE,2023-12-08T11:49:55Z,null
570,Grand choix,20337,3328,LKP_FILE,2023-12-08T11:49:55Z,null
571,Sportworld,20274,3271,LKP_FILE,2023-12-08T11:49:55Z,null
572,Eurobal,20697,3716,LKP_FILE,2023-12-08T11:49:55Z,null
573,Hallman Sports,20799,3819,LKP_FILE,2023-12-08T11:49:55Z,null
574,Campingspecialisten,20261,3258,LKP_FILE,2023-12-08T11:49:55Z,null
575,Kitanaka Tozanyouhinten,20253,3237,LKP_FILE,2023-12-08T11:49:55Z,null
576,Black Stump Camping Supplies,20612,3631,LKP_FILE,2023-12-08T11:49:55Z,null
577,Beter Buitenleven,20286,3283,LKP_FILE,2023-12-08T11:49:55Z,null
578,Preben's Tøy,20336,3327,LKP_FILE,2023-12-08T11:49:55Z,null
579,Beter Buitenleven,20288,3285,LKP_FILE,2023-12-08T11:49:55Z,null
580,"Chen Yu Enterprise Co.,",20363,3354,LKP_FILE,2023-12-08T11:49:55Z,null
581,Klimmeester,20695,3714,LKP_FILE,2023-12-08T11:49:55Z,null
582,Hashimoto Sport Ten,20588,3607,LKP_FILE,2023-12-08T11:49:55Z,null
583,Sasaki Sport Ten,20597,3616,LKP_FILE,2023-12-08T11:49:55Z,null
584,Monde de sport,20874,3894,LKP_FILE,2023-12-08T11:49:55Z,null
585,Univers extérieur,20842,3862,LKP_FILE,2023-12-08T11:49:55Z,null
586,Altitudes extrêmes,20206,3190,LKP_FILE,2023-12-08T11:49:55Z,null
587,Sport & Freizeit,20038,3043,LKP_FILE,2023-12-08T11:49:55Z,null
588,Extrem!,20054,3046,LKP_FILE,2023-12-08T11:49:55Z,null
589,Weitblick,20062,3051,LKP_FILE,2023-12-08T11:49:55Z,null
590,Sportarena,20774,3794,LKP_FILE,2023-12-08T11:49:55Z,null
591,Hurst Ironmongers,20388,3396,LKP_FILE,2023-12-08T11:49:55Z,null
592,Le Bazar,20630,3649,LKP_FILE,2023-12-08T11:49:55Z,null
593,Vaisselle ALPES,20511,3530,LKP_FILE,2023-12-08T11:49:55Z,null
594,Superhike,20477,3496,LKP_FILE,2023-12-08T11:49:55Z,null
595,Optikhaus,20711,3730,LKP_FILE,2023-12-08T11:49:55Z,null
596,L'Équipée,20506,3525,LKP_FILE,2023-12-08T11:49:55Z,null
597,Courses Montagne,20510,3529,LKP_FILE,2023-12-08T11:49:55Z,null
598,Cordages Divers,20714,3733,LKP_FILE,2023-12-08T11:49:55Z,null
599,Leisure Land,20401,3409,LKP_FILE,2023-12-08T11:49:55Z,null
600,Caravanserai,20429,3438,LKP_FILE,2023-12-08T11:49:55Z,null
601,Der Camping-Laden,20459,3478,LKP_FILE,2023-12-08T11:49:55Z,null
602,Topsport,20715,3734,LKP_FILE,2023-12-08T11:49:55Z,null
603,Zelte und mehr ,20471,3490,LKP_FILE,2023-12-08T11:49:55Z,null
604,Der Alpinist ,20480,3499,LKP_FILE,2023-12-08T11:49:55Z,null
605,Arnold's Clubs,20420,3429,LKP_FILE,2023-12-08T11:49:55Z,null
606,Holstein Golf,20044,3037,LKP_FILE,2023-12-08T11:49:55Z,null
607,NonSoloNeve,20307,3292,LKP_FILE,2023-12-08T11:49:55Z,null
608,Rossi Accessori,20672,3691,LKP_FILE,2023-12-08T11:49:55Z,null
609,Objetivo Sport,20879,3899,LKP_FILE,2023-12-08T11:49:55Z,null
610,Naranco de Bulnes,20329,3314,LKP_FILE,2023-12-08T11:49:55Z,null
611,Paradiso della Tenda,20311,3296,LKP_FILE,2023-12-08T11:49:55Z,null
612,Accapamento,20839,3859,LKP_FILE,2023-12-08T11:49:55Z,null
613,Candanchú,20703,3722,LKP_FILE,2023-12-08T11:49:55Z,null
614,Edward's Department Store,20115,3125,LKP_FILE,2023-12-08T11:49:55Z,null
615,Naranco de Bulnes,20327,3312,LKP_FILE,2023-12-08T11:49:55Z,null
616,Le Vele,20673,3692,LKP_FILE,2023-12-08T11:49:55Z,null
617,Edward's Department Store,20116,3130,LKP_FILE,2023-12-08T11:49:55Z,null
618,Act'N'Up Fitness,20030,3014,LKP_FILE,2023-12-08T11:49:55Z,null
619,Preben's Tøy,20338,3329,LKP_FILE,2023-12-08T11:49:55Z,null
620,Centro dello Sportivo,20675,3694,LKP_FILE,2023-12-08T11:49:55Z,null
621,Connor Department Store,20132,3145,LKP_FILE,2023-12-08T11:49:55Z,null
622,Mega-Outlet,20149,3156,LKP_FILE,2023-12-08T11:49:55Z,null
623,American Home,20160,3173,LKP_FILE,2023-12-08T11:49:55Z,null
624,Tout l'extérieur,20520,3539,LKP_FILE,2023-12-08T11:49:55Z,null
625,Sport-Lagerhalle ,20479,3498,LKP_FILE,2023-12-08T11:49:55Z,null
626,Holland Zonzoekers,20283,3280,LKP_FILE,2023-12-08T11:49:55Z,null
627,La Rondine,20676,3695,LKP_FILE,2023-12-08T11:49:55Z,null
628,The Driving Range,20552,3571,LKP_FILE,2023-12-08T11:49:55Z,null
629,Folie Verticale,20505,3524,LKP_FILE,2023-12-08T11:49:55Z,null
630,"Cyclo-cross, S.A. de C.V.",20493,3512,LKP_FILE,2023-12-08T11:49:55Z,null
631,VIP Department Stores,20010,3009,LKP_FILE,2023-12-08T11:49:55Z,null
632,VIP Department Stores,20012,3069,LKP_FILE,2023-12-08T11:49:55Z,null
633,Expert Fitness,20452,3471,LKP_FILE,2023-12-08T11:49:55Z,null
634,Sunglass Corner,20016,3072,LKP_FILE,2023-12-08T11:49:55Z,null
635,Act'N'Up Fitness,20029,3015,LKP_FILE,2023-12-08T11:49:55Z,null
636,Hartman's,20141,3149,LKP_FILE,2023-12-08T11:49:55Z,null
637,The Golfing Pros,20542,3561,LKP_FILE,2023-12-08T11:49:55Z,null
638,Golf Masters,20073,3085,LKP_FILE,2023-12-08T11:49:55Z,null
639,Sport Supply,20780,3800,LKP_FILE,2023-12-08T11:49:55Z,null
640,Extreme Outdoors,20088,3102,LKP_FILE,2023-12-08T11:49:55Z,null
641,The Sport Pros,20782,3802,LKP_FILE,2023-12-08T11:49:55Z,null
642,Golf Universe,20784,3804,LKP_FILE,2023-12-08T11:49:55Z,null
643,Big Valley Camping Goods,20555,3574,LKP_FILE,2023-12-08T11:49:55Z,null
644,Grapevine Golf,20786,3806,LKP_FILE,2023-12-08T11:49:55Z,null
645,Second Wind Sports,20107,3116,LKP_FILE,2023-12-08T11:49:55Z,null
646,By A Thread,20136,3148,LKP_FILE,2023-12-08T11:49:55Z,null
647,Hartman's,20139,3152,LKP_FILE,2023-12-08T11:49:55Z,null
648,Casa do Alpinista,20637,3656,LKP_FILE,2023-12-08T11:49:55Z,null
649,Outdoor Gear Co-op,20067,3078,LKP_FILE,2023-12-08T11:49:55Z,null
650,Eye Dimensions,20092,3103,LKP_FILE,2023-12-08T11:49:55Z,null
651,Parkland Camping Rentals,20122,3133,LKP_FILE,2023-12-08T11:49:55Z,null
652,"Artículos de Campismo El Aquila, S.A. de C.V.",20227,3211,LKP_FILE,2023-12-08T11:49:55Z,null
653,Double happiness sports store,20815,3835,LKP_FILE,2023-12-08T11:49:55Z,null
654,Hanaro Department,20679,3698,LKP_FILE,2023-12-08T11:49:55Z,null
655,Jouhou Kakumei Net,20589,3608,LKP_FILE,2023-12-08T11:49:55Z,null
656,Golf Shop Jiro,20241,3225,LKP_FILE,2023-12-08T11:49:55Z,null
657,Shinbashi sports store,20802,3822,LKP_FILE,2023-12-08T11:49:55Z,null
658,Sentosa group shop,20828,3848,LKP_FILE,2023-12-08T11:49:55Z,null
659,Mihara Sport,20592,3611,LKP_FILE,2023-12-08T11:49:55Z,null
660,Beach Beds Pty Ltd.,20316,3301,LKP_FILE,2023-12-08T11:49:55Z,null
661,Watson's Golf Supplies,20618,3637,LKP_FILE,2023-12-08T11:49:55Z,null
662,Blue Mountains Golfing Company,20320,3305,LKP_FILE,2023-12-08T11:49:55Z,null
663,Gyutan Golf Shop,20585,3604,LKP_FILE,2023-12-08T11:49:55Z,null
664,Beter Buitenleven,20287,3284,LKP_FILE,2023-12-08T11:49:55Z,null
665,GoSportGo,20797,3817,LKP_FILE,2023-12-08T11:49:55Z,null
666,T & R Sport,20271,3268,LKP_FILE,2023-12-08T11:49:55Z,null
667,Cornelius' buitensport,20694,3713,LKP_FILE,2023-12-08T11:49:55Z,null
668,Aarhus Sport,20653,3672,LKP_FILE,2023-12-08T11:49:55Z,null
669,Extra Sport,20289,3286,LKP_FILE,2023-12-08T11:49:55Z,null
670,Beter Buitenleven,20284,3281,LKP_FILE,2023-12-08T11:49:55Z,null
671,SportTotaal,20689,3708,LKP_FILE,2023-12-08T11:49:55Z,null
672,Holland Zonzoekers,20281,3278,LKP_FILE,2023-12-08T11:49:55Z,null
673,Hai Wan Shin Sport Equipment Co.,20359,3350,LKP_FILE,2023-12-08T11:49:55Z,null
674,Asan Department,20680,3699,LKP_FILE,2023-12-08T11:49:55Z,null
675,Hinode Megane,20237,3221,LKP_FILE,2023-12-08T11:49:55Z,null
676,Kanga Kampers,20323,3308,LKP_FILE,2023-12-08T11:49:55Z,null
677,Sport Gezond,20690,3709,LKP_FILE,2023-12-08T11:49:55Z,null
678,Hanagata Golf Shop,20250,3234,LKP_FILE,2023-12-08T11:49:55Z,null
679,Tongil Sports,20684,3703,LKP_FILE,2023-12-08T11:49:55Z,null
680,Amisport,20869,3889,LKP_FILE,2023-12-08T11:49:55Z,null
681,Galerie Sport,20873,3893,LKP_FILE,2023-12-08T11:49:55Z,null
682,Jensen Mountaineering,20406,3414,LKP_FILE,2023-12-08T11:49:55Z,null
683,JV Sports,20806,3826,LKP_FILE,2023-12-08T11:49:55Z,null
684,Aventure Marché,20500,3519,LKP_FILE,2023-12-08T11:49:55Z,null
685,Ultra Sport,20581,3600,LKP_FILE,2023-12-08T11:49:55Z,null
686,Der Fitness-Doktor,20063,3059,LKP_FILE,2023-12-08T11:49:55Z,null
687,Grand choix,20217,3201,LKP_FILE,2023-12-08T11:49:55Z,null
688,Le campeur,20777,3797,LKP_FILE,2023-12-08T11:49:55Z,null
689,Wanderwelt,20478,3497,LKP_FILE,2023-12-08T11:49:55Z,null
690,Visual Experience,20754,3773,LKP_FILE,2023-12-08T11:49:55Z,null
691,Beck's Sports Store,20405,3413,LKP_FILE,2023-12-08T11:49:55Z,null
692,Piquets et propane,20508,3527,LKP_FILE,2023-12-08T11:49:55Z,null
693,Bergsteiger-Glück,20712,3731,LKP_FILE,2023-12-08T11:49:55Z,null
694,Équipement campant,20872,3892,LKP_FILE,2023-12-08T11:49:55Z,null
695,Pleine Forme,20632,3651,LKP_FILE,2023-12-08T11:49:55Z,null
696,Salon optique,20891,3911,LKP_FILE,2023-12-08T11:49:55Z,null
697,Sportlife,20748,3767,LKP_FILE,2023-12-08T11:49:55Z,null
698,Camping Sauvage,20214,3194,LKP_FILE,2023-12-08T11:49:55Z,null
699,De Camping Specialist,20628,3647,LKP_FILE,2023-12-08T11:49:55Z,null
700,Sud Sports,20512,3531,LKP_FILE,2023-12-08T11:49:55Z,null
701,Kansai Megane,20590,3609,LKP_FILE,2023-12-08T11:49:55Z,null
702,L' Esploratore,20678,3697,LKP_FILE,2023-12-08T11:49:55Z,null
703,Freizeit-Lager,20625,3644,LKP_FILE,2023-12-08T11:49:55Z,null
704,Ausrüstungshaus Globetrotter,20441,3460,LKP_FILE,2023-12-08T11:49:55Z,null
705,Naranco de Bulnes,20332,3317,LKP_FILE,2023-12-08T11:49:55Z,null
706,Outdoor-Fachgeschäft Müller,20436,3455,LKP_FILE,2023-12-08T11:49:55Z,null
707,Ocio y Aventura,20331,3316,LKP_FILE,2023-12-08T11:49:55Z,null
708,Sportartikel-Fundgrube,20622,3641,LKP_FILE,2023-12-08T11:49:55Z,null
709,Kaufhaus Freizeit,20620,3639,LKP_FILE,2023-12-08T11:49:55Z,null
710,Grand choix,20270,3267,LKP_FILE,2023-12-08T11:49:55Z,null
711,Hanagata Golf Shop,20251,3235,LKP_FILE,2023-12-08T11:49:55Z,null
712,In die Berge!,20058,3047,LKP_FILE,2023-12-08T11:49:55Z,null
713,Sport Aktuell,20469,3488,LKP_FILE,2023-12-08T11:49:55Z,null
714,"Accesorios Importados, S.A. de C.V.",20498,3517,LKP_FILE,2023-12-08T11:49:55Z,null
715,"Deportes La Fortaleza, S.A. de C.V.",20495,3514,LKP_FILE,2023-12-08T11:49:55Z,null
716,Esportópolis,20639,3658,LKP_FILE,2023-12-08T11:49:55Z,null
717,The Marketplace,20075,3087,LKP_FILE,2023-12-08T11:49:55Z,null
718,The Caddy's Corner,20151,3162,LKP_FILE,2023-12-08T11:49:55Z,null
719,New Vision,20887,3907,LKP_FILE,2023-12-08T11:49:55Z,null
720,Second Wind Sports,20103,3115,LKP_FILE,2023-12-08T11:49:55Z,null
721,Fresh Air Fitness,20574,3593,LKP_FILE,2023-12-08T11:49:55Z,null
722,Weston Outfitters,20164,3177,LKP_FILE,2023-12-08T11:49:55Z,null
723,Grapevive Golf,20794,3814,LKP_FILE,2023-12-08T11:49:55Z,null
724,Surf's Up!,20559,3578,LKP_FILE,2023-12-08T11:49:55Z,null
725,Hartman's,20142,3151,LKP_FILE,2023-12-08T11:49:55Z,null
726,Mountaineering Gear,20456,3475,LKP_FILE,2023-12-08T11:49:55Z,null
727,CanDepot,20789,3809,LKP_FILE,2023-12-08T11:49:55Z,null
728,Nature Lovers,20563,3582,LKP_FILE,2023-12-08T11:49:55Z,null
729,Edward's Department Store,20114,3127,LKP_FILE,2023-12-08T11:49:55Z,null
730,Ultra Sports,20005,3065,LKP_FILE,2023-12-08T11:49:55Z,null
731,The Sports Market,20566,3585,LKP_FILE,2023-12-08T11:49:55Z,null
732,VIP Department Stores,20011,3022,LKP_FILE,2023-12-08T11:49:55Z,null
733,Great Adventures,20534,3553,LKP_FILE,2023-12-08T11:49:55Z,null
734,Great River Adventures,20547,3566,LKP_FILE,2023-12-08T11:49:55Z,null
735,The Marketplace,20076,3089,LKP_FILE,2023-12-08T11:49:55Z,null
736,"Artículos de Campismo El Aquila, S.A. de C.V.",20225,3209,LKP_FILE,2023-12-08T11:49:55Z,null
737,Extreme Outdoors,20089,3098,LKP_FILE,2023-12-08T11:49:55Z,null
738,By A Thread,20135,3146,LKP_FILE,2023-12-08T11:49:55Z,null
739,Niu Che Shui Commercial,20892,3912,LKP_FILE,2023-12-08T11:49:55Z,null
740,Shi Ja Dong Co. Ltd.,20833,3853,LKP_FILE,2023-12-08T11:49:55Z,null
741,Kitanaka Tozanyouhinten,20255,3239,LKP_FILE,2023-12-08T11:49:55Z,null
742,Hai Wan Shin Sport Equipment Co.,20364,3355,LKP_FILE,2023-12-08T11:49:55Z,null
743,"Chen Yu Enterprise Co.,",20365,3356,LKP_FILE,2023-12-08T11:49:55Z,null
744,Great Dragon Group,20642,3661,LKP_FILE,2023-12-08T11:49:55Z,null
745,Moun Tin Huan Health & Sport Equipment Co.,20732,3751,LKP_FILE,2023-12-08T11:49:55Z,null
746,The Golf Hut,20110,3120,LKP_FILE,2023-12-08T11:49:55Z,null
747,Mega Shop do Esporte,20638,3657,LKP_FILE,2023-12-08T11:49:55Z,null
748,Pudong campaign commercial goods Monopoly,20811,3831,LKP_FILE,2023-12-08T11:49:55Z,null
749,Nomura Outdoor Yohinten,20604,3623,LKP_FILE,2023-12-08T11:49:55Z,null
750,Nanba Walk sporting goods Co. Ltd.,20858,3878,LKP_FILE,2023-12-08T11:49:55Z,null
751,Kanjosen Sport,20259,3243,LKP_FILE,2023-12-08T11:49:55Z,null
752,Daibutsu Golf Shop,20583,3602,LKP_FILE,2023-12-08T11:49:55Z,null
753,Jackos Enviro Shop,20615,3634,LKP_FILE,2023-12-08T11:49:55Z,null
754,Ulkosalla,20801,3821,LKP_FILE,2023-12-08T11:49:55Z,null
755,Sportworld,20273,3270,LKP_FILE,2023-12-08T11:49:55Z,null
756,Holland Zonzoekers,20280,3277,LKP_FILE,2023-12-08T11:49:55Z,null
757,Vi Lejer Ud A/S,20654,3673,LKP_FILE,2023-12-08T11:49:55Z,null
758,Aqua Sport,20768,3787,LKP_FILE,2023-12-08T11:49:55Z,null
759,"Hangzhou Superman Sports Goods Co., LTD.",20376,3358,LKP_FILE,2023-12-08T11:49:55Z,null
760,København Brillecenter,20652,3671,LKP_FILE,2023-12-08T11:49:55Z,null
761,Sportworld,20275,3272,LKP_FILE,2023-12-08T11:49:55Z,null
762,Campingspecialisten,20263,3260,LKP_FILE,2023-12-08T11:49:55Z,null
763,Klimgek Bv.,20699,3718,LKP_FILE,2023-12-08T11:49:55Z,null
764,Arjan Aitta,20344,3335,LKP_FILE,2023-12-08T11:49:55Z,null
765,Arjan Aitta,20345,3336,LKP_FILE,2023-12-08T11:49:55Z,null
766,Azabu Golf Shop,20582,3601,LKP_FILE,2023-12-08T11:49:55Z,null
767,Super National Co. Ltd.,20804,3824,LKP_FILE,2023-12-08T11:49:55Z,null
768,Shingu Golf,20687,3706,LKP_FILE,2023-12-08T11:49:55Z,null
769,Hinode Megane,20238,3222,LKP_FILE,2023-12-08T11:49:55Z,null
770,Hansung Golf,20351,3342,LKP_FILE,2023-12-08T11:49:55Z,null
771,Jeunesse active,20875,3895,LKP_FILE,2023-12-08T11:49:55Z,null
772,Golf Plaza,20876,3896,LKP_FILE,2023-12-08T11:49:55Z,null
773,The Golf Boutique,20752,3771,LKP_FILE,2023-12-08T11:49:55Z,null
774,Edge Mountainwear,20742,3761,LKP_FILE,2023-12-08T11:49:55Z,null
775,Windsurfing Zürichsee,20411,3420,LKP_FILE,2023-12-08T11:49:55Z,null
776,Rad und Tat,20060,3055,LKP_FILE,2023-12-08T11:49:55Z,null
777,SportsClub,20198,3182,LKP_FILE,2023-12-08T11:49:55Z,null
778,Alles für Draußen,20414,3423,LKP_FILE,2023-12-08T11:49:55Z,null
779,Altitudes extrêmes,20207,3189,LKP_FILE,2023-12-08T11:49:55Z,null
780,Altitudes extrêmes,20205,3191,LKP_FILE,2023-12-08T11:49:55Z,null
781,Vitasport,20776,3796,LKP_FILE,2023-12-08T11:49:55Z,null
782,Golf's'us,20426,3435,LKP_FILE,2023-12-08T11:49:55Z,null
783,Camping Sauvage,20213,3196,LKP_FILE,2023-12-08T11:49:55Z,null
784,Allo Allo,20428,3437,LKP_FILE,2023-12-08T11:49:55Z,null
785,Browns Opticals,20394,3402,LKP_FILE,2023-12-08T11:49:55Z,null
786,Beck's Sports Store,20393,3401,LKP_FILE,2023-12-08T11:49:55Z,null
787,Optik,20476,3495,LKP_FILE,2023-12-08T11:49:55Z,null
788,Browns Opticals,20395,3403,LKP_FILE,2023-12-08T11:49:55Z,null
789,Grand choix,20413,3422,LKP_FILE,2023-12-08T11:49:55Z,null
790,Ski d'été,20516,3535,LKP_FILE,2023-12-08T11:49:55Z,null
791,The Village Chemist,20755,3774,LKP_FILE,2023-12-08T11:49:55Z,null
792,Outdoor Experience,20399,3407,LKP_FILE,2023-12-08T11:49:55Z,null
793,Camping Sauvage,20211,3197,LKP_FILE,2023-12-08T11:49:55Z,null
794,Die Bergexperten,20462,3481,LKP_FILE,2023-12-08T11:49:55Z,null
795,Air frais,20843,3863,LKP_FILE,2023-12-08T11:49:55Z,null
796,La Slitta,20713,3732,LKP_FILE,2023-12-08T11:49:55Z,null
797,Aktive Freizeit ,20461,3480,LKP_FILE,2023-12-08T11:49:55Z,null
798,Sportwaren GmbH ,20481,3500,LKP_FILE,2023-12-08T11:49:55Z,null
799,Camp 34,20725,3744,LKP_FILE,2023-12-08T11:49:55Z,null
800,OmniChoix,20499,3518,LKP_FILE,2023-12-08T11:49:55Z,null
801,Arnold's Clubs,20419,3428,LKP_FILE,2023-12-08T11:49:55Z,null
802,Golf's'us,20427,3436,LKP_FILE,2023-12-08T11:49:55Z,null
803,Brambilla,20315,3300,LKP_FILE,2023-12-08T11:49:55Z,null
804,Öko-Versand,20624,3643,LKP_FILE,2023-12-08T11:49:55Z,null
805,Golfer-Paradies,20443,3462,LKP_FILE,2023-12-08T11:49:55Z,null
806,AcquaVerde,20671,3690,LKP_FILE,2023-12-08T11:49:55Z,null
807,Golfausrüstung,20849,3869,LKP_FILE,2023-12-08T11:49:55Z,null
808,Ocio y Aventura,20333,3318,LKP_FILE,2023-12-08T11:49:55Z,null
809,Golfverein,20848,3868,LKP_FILE,2023-12-08T11:49:55Z,null
810,American Home,20158,3167,LKP_FILE,2023-12-08T11:49:55Z,null
811,Ausrüstungshaus Globetrotter,20440,3459,LKP_FILE,2023-12-08T11:49:55Z,null
812,Andes Camping Supplies,20453,3472,LKP_FILE,2023-12-08T11:49:55Z,null
813,American Home,20155,3166,LKP_FILE,2023-12-08T11:49:55Z,null
814,Buena Vista Eyeware,20112,3123,LKP_FILE,2023-12-08T11:49:55Z,null
815,Connor Department Store,20131,3144,LKP_FILE,2023-12-08T11:49:55Z,null
816,Alpino,20705,3724,LKP_FILE,2023-12-08T11:49:55Z,null
817,Maximum Sports,20024,3076,LKP_FILE,2023-12-08T11:49:55Z,null
818,Focus Eyewear,20757,3776,LKP_FILE,2023-12-08T11:49:55Z,null
819,Holstein Golf,20042,3063,LKP_FILE,2023-12-08T11:49:55Z,null
820,In die Berge!,20056,3064,LKP_FILE,2023-12-08T11:49:55Z,null
