PRODUCT_KEY,PRODUCT_NUMBER,PRODUCT_NAME,BASE_PRODUCT_NUMBER,PRODUCT_COLOR,PRODUCT_SIZE,PRODUCT_BRAND,PRODUCTION_COST,INTRODUCTION_DATE,DISCONTINUED_DATE,SOURCE_ID,DATA_DATE,UPDATE_DATE
1,126150,Dante,126,923,852,753,0.00,2006-06-01T00:00:00Z,null,INTERNAL_DB,2023-12-08T13:27:19Z,null
2,23110,Hibernator Camp Cot,23,906,821,704,65.33,1997-03-05T00:00:00Z,null,INTERNAL_DB,2023-12-08T13:27:19Z,null
3,58110,Granite Hammer,58,906,816,710,57.13,2005-01-10T00:00:00Z,null,INTERNAL_DB,2023-12-08T13:27:19Z,null
4,83110,Glacier Deluxe,83,902,800,715,56.25,1997-03-05T00:00:00Z,null,INTERNAL_DB,2023-12-08T13:27:19Z,null
5,70120,Polar Sports,70,903,852,712,80.00,2006-01-01T00:00:00Z,null,INTERNAL_DB,2023-12-08T13:27:19Z,null
6,144130,TX,144,912,851,758,0.00,2007-01-01T00:00:00Z,null,INTERNAL_DB,2023-12-08T13:27:19Z,null
7,147180,Zone,147,923,851,756,0.00,2003-01-01T00:00:00Z,null,INTERNAL_DB,2023-12-08T13:27:19Z,null
8,48110,Husky Harness Extreme,48,902,853,706,55.00,2005-01-10T00:00:00Z,null,INTERNAL_DB,2023-12-08T13:27:19Z,null
9,72110,Polar Extreme,72,902,853,706,72.50,2000-10-26T00:00:00Z,null,INTERNAL_DB,2023-12-08T13:27:19Z,null
10,144200,TX,144,927,851,758,0.00,2005-10-01T00:00:00Z,null,INTERNAL_DB,2023-12-08T13:27:19Z,null
11,147130,Zone,147,906,852,756,0.00,2003-01-01T00:00:00Z,null,INTERNAL_DB,2023-12-08T13:27:19Z,null
12,43110,Husky Rope 60,43,922,835,709,126.66,2005-01-10T00:00:00Z,null,INTERNAL_DB,2023-12-08T13:27:19Z,null
13,40110,EverGlow Lamp,40,902,847,708,17.97,1995-02-15T00:00:00Z,null,INTERNAL_DB,2023-12-08T13:27:19Z,null
14,125110,Venue,125,902,853,756,0.00,2003-01-01T00:00:00Z,null,INTERNAL_DB,2023-12-08T13:27:19Z,null
15,136110,Sam,136,902,853,756,0.00,2007-01-01T00:00:00Z,null,INTERNAL_DB,2023-12-08T13:27:19Z,null
16,35110,Firefly Multi-light,35,918,849,705,17.78,2000-10-26T00:00:00Z,null,INTERNAL_DB,2023-12-08T13:27:19Z,null
17,91110,Sun Blocker,91,925,804,717,2.00,1995-02-15T00:00:00Z,null,INTERNAL_DB,2023-12-08T13:27:19Z,null
18,51110,Granite Belay,51,902,800,710,35.00,2005-01-10T00:00:00Z,null,INTERNAL_DB,2023-12-08T13:27:19Z,null
19,122130,Bella,122,923,854,753,0.00,2005-01-01T00:00:00Z,null,INTERNAL_DB,2023-12-08T13:27:19Z,null
20,98110,Calamine Relief,98,908,803,720,3.00,1995-02-15T00:00:00Z,null,INTERNAL_DB,2023-12-08T13:27:19Z,null
21,135130,Ranger Vision,135,927,800,757,0.00,2005-04-01T00:00:00Z,null,INTERNAL_DB,2023-12-08T13:27:19Z,null
22,151120,Astro Pilot,151,923,800,757,0.00,2007-02-01T00:00:00Z,null,INTERNAL_DB,2023-12-08T13:27:19Z,null
23,54110,Firefly Charger,54,902,800,705,35.33,2005-01-10T00:00:00Z,null,INTERNAL_DB,2023-12-08T13:27:19Z,null
24,136150,Sam,136,926,853,756,0.00,2007-04-01T00:00:00Z,null,INTERNAL_DB,2023-12-08T13:27:19Z,null
25,39110,EverGlow Butane,39,903,847,708,40.63,1997-03-05T00:00:00Z,null,INTERNAL_DB,2023-12-08T13:27:19Z,null
26,1110,TrailChef Water Bag,1,908,808,701,4.00,1995-02-15T00:00:00Z,null,INTERNAL_DB,2023-12-08T13:27:19Z,null
27,9110,TrailChef Kettle,9,900,806,701,9.00,1997-03-05T00:00:00Z,null,INTERNAL_DB,2023-12-08T13:27:19Z,null
28,70140,Polar Sports,70,922,851,712,80.00,2006-01-01T00:00:00Z,null,INTERNAL_DB,2023-12-08T13:27:19Z,null
29,134140,Pocket Gizmo,134,927,809,757,0.00,2005-01-01T00:00:00Z,null,INTERNAL_DB,2023-12-08T13:27:19Z,null
30,136140,Sam,136,922,853,756,0.00,2003-01-01T00:00:00Z,null,INTERNAL_DB,2023-12-08T13:27:19Z,null
31,146120,Zodiak,146,906,852,757,0.00,2005-04-01T00:00:00Z,null,INTERNAL_DB,2023-12-08T13:27:19Z,null
32,25110,Canyon Mule Weekender Backpack,25,903,829,707,166.66,1995-02-15T00:00:00Z,null,INTERNAL_DB,2023-12-08T13:27:19Z,null
33,144150,TX,144,927,852,758,0.00,2003-01-01T00:00:00Z,null,INTERNAL_DB,2023-12-08T13:27:19Z,null
34,17110,Hibernator Lite,17,915,820,704,60.00,1997-03-05T00:00:00Z,null,INTERNAL_DB,2023-12-08T13:27:19Z,null
35,68250,Polar Sun,68,926,851,712,46.15,2005-01-01T00:00:00Z,null,INTERNAL_DB,2023-12-08T13:27:19Z,null
36,145170,Legend,145,923,851,754,0.00,2003-01-01T00:00:00Z,null,INTERNAL_DB,2023-12-08T13:27:19Z,null
37,147120,Zone,147,903,852,756,0.00,2003-01-01T00:00:00Z,2007-06-30T00:00:00Z,INTERNAL_DB,2023-12-08T13:27:19Z,null
38,81110,Seeker Mini,81,902,800,714,40.00,1997-03-05T00:00:00Z,null,INTERNAL_DB,2023-12-08T13:27:19Z,null
39,144190,TX,144,926,852,758,0.00,2003-01-01T00:00:00Z,2005-03-31T00:00:00Z,INTERNAL_DB,2023-12-08T13:27:19Z,null
40,15110,Star Gazer 6,15,903,844,702,490.00,1997-03-05T00:00:00Z,null,INTERNAL_DB,2023-12-08T13:27:19Z,null
41,41110,Flicker Lantern,41,918,848,705,24.62,2005-01-10T00:00:00Z,null,INTERNAL_DB,2023-12-08T13:27:19Z,null
42,52110,Granite Pulley,52,902,800,710,19.00,2005-01-10T00:00:00Z,null,INTERNAL_DB,2023-12-08T13:27:19Z,null
43,145120,Legend,145,906,852,754,0.00,2006-10-01T00:00:00Z,null,INTERNAL_DB,2023-12-08T13:27:19Z,null
44,127140,Fairway,127,912,851,752,0.00,2006-08-01T00:00:00Z,null,INTERNAL_DB,2023-12-08T13:27:19Z,null
45,149160,Retro,149,926,851,754,0.00,2005-09-01T00:00:00Z,null,INTERNAL_DB,2023-12-08T13:27:19Z,null
46,70110,Polar Sports,70,903,851,712,80.00,2006-01-01T00:00:00Z,null,INTERNAL_DB,2023-12-08T13:27:19Z,null
47,77110,Bear Survival Edge,77,923,814,713,45.00,2000-10-26T00:00:00Z,null,INTERNAL_DB,2023-12-08T13:27:19Z,null
48,122150,Bella,122,926,854,753,0.00,2007-06-01T00:00:00Z,null,INTERNAL_DB,2023-12-08T13:27:19Z,null
49,128200,Inferno,128,927,851,754,0.00,2005-10-01T00:00:00Z,null,INTERNAL_DB,2023-12-08T13:27:19Z,null
50,26110,Canyon Mule Journey Backpack,26,902,830,707,213.33,1995-02-15T00:00:00Z,null,INTERNAL_DB,2023-12-08T13:27:19Z,null
51,154110,Kodiak,154,903,851,757,0.00,2003-01-01T00:00:00Z,2006-07-31T00:00:00Z,INTERNAL_DB,2023-12-08T13:27:19Z,null
52,114110,Course Pro Golf Bag,114,913,800,718,80.00,2003-12-15T00:00:00Z,null,INTERNAL_DB,2023-12-08T13:27:19Z,null
53,125150,Venue,125,922,853,756,0.00,2005-04-01T00:00:00Z,null,INTERNAL_DB,2023-12-08T13:27:19Z,null
54,129130,Infinity,129,922,852,754,0.00,2004-02-01T00:00:00Z,null,INTERNAL_DB,2023-12-08T13:27:19Z,null
55,130110,Lux,130,902,853,758,0.00,2003-01-01T00:00:00Z,null,INTERNAL_DB,2023-12-08T13:27:19Z,null
56,3110,TrailChef Kitchen Kit,3,924,825,701,15.93,1995-02-15T00:00:00Z,null,INTERNAL_DB,2023-12-08T13:27:19Z,null
57,148110,Hawk Eye,148,902,851,757,0.00,2004-04-01T00:00:00Z,null,INTERNAL_DB,2023-12-08T13:27:19Z,null
58,73110,Single Edge,73,902,810,713,8.56,1995-02-15T00:00:00Z,null,INTERNAL_DB,2023-12-08T13:27:19Z,null
59,107110,Lady Hailstorm Titanium Woods Set,107,905,852,719,509.07,2004-01-13T00:00:00Z,null,INTERNAL_DB,2023-12-08T13:27:19Z,null
60,127130,Fairway,127,906,851,752,0.00,2003-01-01T00:00:00Z,null,INTERNAL_DB,2023-12-08T13:27:19Z,null
61,154150,Kodiak,154,927,851,757,0.00,2004-07-01T00:00:00Z,null,INTERNAL_DB,2023-12-08T13:27:19Z,null
62,2110,TrailChef Canteen,2,906,807,701,9.22,1995-02-15T00:00:00Z,null,INTERNAL_DB,2023-12-08T13:27:19Z,null
63,85110,Glacier GPS Extreme,85,902,800,706,176.47,1999-06-12T00:00:00Z,null,INTERNAL_DB,2023-12-08T13:27:19Z,null
64,146140,Zodiak,146,923,852,757,0.00,2005-07-01T00:00:00Z,null,INTERNAL_DB,2023-12-08T13:27:19Z,null
65,18110,Hibernator,18,915,820,704,86.00,1995-02-15T00:00:00Z,null,INTERNAL_DB,2023-12-08T13:27:19Z,null
66,30110,Firefly Lite,30,902,847,705,6.75,1997-03-05T00:00:00Z,null,INTERNAL_DB,2023-12-08T13:27:19Z,null
67,38110,EverGlow Kerosene,38,923,850,708,20.00,1997-03-05T00:00:00Z,null,INTERNAL_DB,2023-12-08T13:27:19Z,null
68,32110,Firefly 2,32,923,849,705,16.67,1995-02-15T00:00:00Z,null,INTERNAL_DB,2023-12-08T13:27:19Z,null
69,102110,Hailstorm Titanium Irons,102,923,851,719,380.95,2003-12-10T00:00:00Z,null,INTERNAL_DB,2023-12-08T13:27:19Z,null
70,47110,Husky Harness,47,902,853,709,44.83,2005-01-10T00:00:00Z,null,INTERNAL_DB,2023-12-08T13:27:19Z,null
71,63140,Mountain Man Analog,63,918,851,711,30.00,2005-01-01T00:00:00Z,null,INTERNAL_DB,2023-12-08T13:27:19Z,null
72,70200,Polar Sports,70,922,852,712,80.00,2006-01-01T00:00:00Z,null,INTERNAL_DB,2023-12-08T13:27:19Z,null
73,82110,Glacier Basic,82,923,800,715,20.00,1997-03-05T00:00:00Z,null,INTERNAL_DB,2023-12-08T13:27:19Z,null
74,129160,Infinity,129,926,851,754,0.00,2003-01-01T00:00:00Z,2005-12-31T00:00:00Z,INTERNAL_DB,2023-12-08T13:27:19Z,null
75,148130,Hawk Eye,148,927,851,757,0.00,2004-06-01T00:00:00Z,null,INTERNAL_DB,2023-12-08T13:27:19Z,null
76,84110,Glacier GPS,84,902,800,715,78.55,1997-03-05T00:00:00Z,null,INTERNAL_DB,2023-12-08T13:27:19Z,null
77,129180,Infinity,129,922,851,754,0.00,2003-01-01T00:00:00Z,null,INTERNAL_DB,2023-12-08T13:27:19Z,null
78,63110,Mountain Man Analog,63,912,851,711,30.00,1995-02-15T00:00:00Z,null,INTERNAL_DB,2023-12-08T13:27:19Z,null
79,65120,Mountain Man Deluxe,65,922,851,711,39.00,2006-01-01T00:00:00Z,null,INTERNAL_DB,2023-12-08T13:27:19Z,null
80,42110,Husky Rope 50,42,922,834,709,106.66,2005-01-10T00:00:00Z,null,INTERNAL_DB,2023-12-08T13:27:19Z,null
81,126120,Dante,126,918,852,753,0.00,2005-06-01T00:00:00Z,null,INTERNAL_DB,2023-12-08T13:27:19Z,null
82,128190,Inferno,128,926,851,754,0.00,2003-01-01T00:00:00Z,2005-10-31T00:00:00Z,INTERNAL_DB,2023-12-08T13:27:19Z,null
83,22110,Hibernator Pillow,22,921,800,704,10.00,1995-02-15T00:00:00Z,null,INTERNAL_DB,2023-12-08T13:27:19Z,null
84,125120,Venue,125,912,853,756,0.00,2003-01-01T00:00:00Z,2007-03-31T00:00:00Z,INTERNAL_DB,2023-12-08T13:27:19Z,null
85,27110,Canyon Mule Extreme Backpack,27,903,831,706,238.88,1997-03-05T00:00:00Z,null,INTERNAL_DB,2023-12-08T13:27:19Z,null
86,135110,Ranger Vision,135,902,800,757,0.00,2003-01-01T00:00:00Z,null,INTERNAL_DB,2023-12-08T13:27:19Z,null
87,124140,Cat Eye,124,919,852,757,0.00,2003-01-01T00:00:00Z,2006-10-31T00:00:00Z,INTERNAL_DB,2023-12-08T13:27:19Z,null
88,70160,Polar Sports,70,926,851,712,80.00,2006-01-01T00:00:00Z,null,INTERNAL_DB,2023-12-08T13:27:19Z,null
89,146110,Zodiak,146,903,852,757,0.00,2006-01-01T00:00:00Z,null,INTERNAL_DB,2023-12-08T13:27:19Z,null
90,129150,Infinity,129,902,851,754,0.00,2005-01-01T00:00:00Z,null,INTERNAL_DB,2023-12-08T13:27:19Z,null
91,88110,BugShield Lotion Lite,88,908,802,716,2.00,1995-02-15T00:00:00Z,null,INTERNAL_DB,2023-12-08T13:27:19Z,null
92,148120,Hawk Eye,148,906,851,757,0.00,2004-04-01T00:00:00Z,null,INTERNAL_DB,2023-12-08T13:27:19Z,null
93,149110,Retro,149,903,852,754,0.00,2007-06-01T00:00:00Z,null,INTERNAL_DB,2023-12-08T13:27:19Z,null
94,149140,Retro,149,922,852,754,0.00,2005-04-01T00:00:00Z,null,INTERNAL_DB,2023-12-08T13:27:19Z,null
95,45110,Husky Rope 200,45,903,837,709,383.32,2005-01-10T00:00:00Z,null,INTERNAL_DB,2023-12-08T13:27:19Z,null
96,123160,Capri,123,926,852,753,0.00,2003-01-01T00:00:00Z,2005-06-30T00:00:00Z,INTERNAL_DB,2023-12-08T13:27:19Z,null
97,90110,BugShield Extreme,90,908,802,706,2.50,1995-02-15T00:00:00Z,null,INTERNAL_DB,2023-12-08T13:27:19Z,null
98,14110,Star Gazer 3,14,922,843,702,476.00,1997-03-05T00:00:00Z,null,INTERNAL_DB,2023-12-08T13:27:19Z,null
99,147140,Zone,147,923,852,756,0.00,2006-01-01T00:00:00Z,null,INTERNAL_DB,2023-12-08T13:27:19Z,null
100,64110,Mountain Man Digital,64,903,853,711,20.00,1995-02-15T00:00:00Z,null,INTERNAL_DB,2023-12-08T13:27:19Z,null
101,59110,Granite Shovel,59,902,818,710,46.15,2005-01-10T00:00:00Z,null,INTERNAL_DB,2023-12-08T13:27:19Z,null
102,128210,Inferno,128,902,852,754,0.00,2005-01-01T00:00:00Z,null,INTERNAL_DB,2023-12-08T13:27:19Z,null
103,132170,Maximus,132,927,851,752,0.00,2004-08-01T00:00:00Z,null,INTERNAL_DB,2023-12-08T13:27:19Z,null
104,132150,Maximus,132,923,851,752,0.00,2005-04-01T00:00:00Z,null,INTERNAL_DB,2023-12-08T13:27:19Z,null
105,19110,Hibernator Extreme,19,909,820,706,150.00,2000-10-26T00:00:00Z,null,INTERNAL_DB,2023-12-08T13:27:19Z,null
106,127120,Fairway,127,903,851,752,0.00,2006-01-01T00:00:00Z,null,INTERNAL_DB,2023-12-08T13:27:19Z,null
107,147150,Zone,147,927,851,756,0.00,2004-08-01T00:00:00Z,null,INTERNAL_DB,2023-12-08T13:27:19Z,null
108,147190,Zone,147,927,852,756,0.00,2007-01-01T00:00:00Z,null,INTERNAL_DB,2023-12-08T13:27:19Z,null
109,56110,Granite Chalk Bag,56,917,839,710,9.00,2005-01-10T00:00:00Z,null,INTERNAL_DB,2023-12-08T13:27:19Z,null
110,93110,Sun Shelter 15,93,925,804,717,2.00,1995-02-15T00:00:00Z,null,INTERNAL_DB,2023-12-08T13:27:19Z,null
111,125170,Venue,125,926,853,756,0.00,2003-01-01T00:00:00Z,2004-11-30T00:00:00Z,INTERNAL_DB,2023-12-08T13:27:19Z,null
112,124110,Cat Eye,124,906,852,757,0.00,2003-01-01T00:00:00Z,null,INTERNAL_DB,2023-12-08T13:27:19Z,null
113,79110,Seeker 50,79,902,800,714,92.58,1995-02-15T00:00:00Z,null,INTERNAL_DB,2023-12-08T13:27:19Z,null
114,97110,Deluxe Family Relief Kit,97,925,827,720,25.00,1997-03-05T00:00:00Z,null,INTERNAL_DB,2023-12-08T13:27:19Z,null
115,128110,Inferno,128,912,852,754,0.00,2006-08-01T00:00:00Z,null,INTERNAL_DB,2023-12-08T13:27:19Z,null
116,128140,Inferno,128,902,851,754,0.00,2003-01-01T00:00:00Z,null,INTERNAL_DB,2023-12-08T13:27:19Z,null
117,144160,TX,144,903,852,758,0.00,2006-04-01T00:00:00Z,null,INTERNAL_DB,2023-12-08T13:27:19Z,null
118,57110,Granite Ice,57,923,816,710,40.00,2005-01-10T00:00:00Z,null,INTERNAL_DB,2023-12-08T13:27:19Z,null
119,106110,Hailstorm Steel Woods Set,106,916,851,719,536.09,2003-12-05T00:00:00Z,null,INTERNAL_DB,2023-12-08T13:27:19Z,null
120,86110,BugShield Natural,86,908,802,716,2.00,1995-02-15T00:00:00Z,null,INTERNAL_DB,2023-12-08T13:27:19Z,null
121,95110,Sun Shield,95,925,803,717,3.00,1995-02-15T00:00:00Z,null,INTERNAL_DB,2023-12-08T13:27:19Z,null
122,99110,Aloe Relief,99,908,804,720,2.00,1995-02-15T00:00:00Z,null,INTERNAL_DB,2023-12-08T13:27:19Z,null
123,126130,Dante,126,919,852,753,0.00,2003-01-01T00:00:00Z,2006-10-31T00:00:00Z,INTERNAL_DB,2023-12-08T13:27:19Z,null
124,128130,Inferno,128,922,852,754,0.00,2006-04-01T00:00:00Z,null,INTERNAL_DB,2023-12-08T13:27:19Z,null
125,68220,Polar Sun,68,926,852,712,46.15,2005-01-01T00:00:00Z,null,INTERNAL_DB,2023-12-08T13:27:19Z,null
126,127110,Fairway,127,902,851,752,0.00,2003-01-01T00:00:00Z,null,INTERNAL_DB,2023-12-08T13:27:19Z,null
127,154120,Kodiak,154,906,851,757,0.00,2003-01-01T00:00:00Z,null,INTERNAL_DB,2023-12-08T13:27:19Z,null
128,5110,TrailChef Cook Set,5,923,823,701,34.97,1995-02-15T00:00:00Z,null,INTERNAL_DB,2023-12-08T13:27:19Z,null
129,125130,Venue,125,918,853,756,0.00,2007-07-01T00:00:00Z,null,INTERNAL_DB,2023-12-08T13:27:19Z,null
130,131120,Max Gizmo,131,923,811,757,0.00,2003-01-01T00:00:00Z,null,INTERNAL_DB,2023-12-08T13:27:19Z,null
131,55110,Firefly Rechargeable Battery,55,926,800,705,4.00,2005-01-10T00:00:00Z,null,INTERNAL_DB,2023-12-08T13:27:19Z,null
132,133110,Opera Vision,133,927,800,753,0.00,2003-01-01T00:00:00Z,2006-12-31T00:00:00Z,INTERNAL_DB,2023-12-08T13:27:19Z,null
133,142110,Trail Star,142,923,800,752,0.00,2003-01-01T00:00:00Z,2005-02-28T00:00:00Z,INTERNAL_DB,2023-12-08T13:27:19Z,null
134,149120,Retro,149,912,851,754,0.00,2005-06-01T00:00:00Z,null,INTERNAL_DB,2023-12-08T13:27:19Z,null
135,94110,Sun Shelter 30,94,925,804,717,2.00,1995-02-15T00:00:00Z,null,INTERNAL_DB,2023-12-08T13:27:19Z,null
136,129170,Infinity,129,903,851,754,0.00,2006-01-01T00:00:00Z,null,INTERNAL_DB,2023-12-08T13:27:19Z,null
137,131110,Max Gizmo,131,922,811,757,0.00,2004-05-01T00:00:00Z,null,INTERNAL_DB,2023-12-08T13:27:19Z,null
138,103110,Lady Hailstorm Steel Irons,103,923,852,719,277.76,2003-12-10T00:00:00Z,null,INTERNAL_DB,2023-12-08T13:27:19Z,null
139,21110,Hibernator Pad,21,913,820,704,29.17,1995-02-15T00:00:00Z,null,INTERNAL_DB,2023-12-08T13:27:19Z,null
140,124170,Cat Eye,124,926,852,757,0.00,2005-09-01T00:00:00Z,null,INTERNAL_DB,2023-12-08T13:27:19Z,null
141,130130,Lux,130,923,853,758,0.00,2003-01-01T00:00:00Z,null,INTERNAL_DB,2023-12-08T13:27:19Z,null
142,154140,Kodiak,154,923,851,757,0.00,2007-01-01T00:00:00Z,null,INTERNAL_DB,2023-12-08T13:27:19Z,null
143,151130,Astro Pilot,151,926,800,757,0.00,2007-02-01T00:00:00Z,null,INTERNAL_DB,2023-12-08T13:27:19Z,null
144,134110,Pocket Gizmo,134,903,809,757,0.00,2003-01-01T00:00:00Z,2005-12-31T00:00:00Z,INTERNAL_DB,2023-12-08T13:27:19Z,null
145,123130,Capri,123,919,852,753,0.00,2007-04-01T00:00:00Z,null,INTERNAL_DB,2023-12-08T13:27:19Z,null
146,6110,TrailChef Deluxe Cook Set,6,923,824,701,85.11,1997-03-05T00:00:00Z,null,INTERNAL_DB,2023-12-08T13:27:19Z,null
147,63130,Mountain Man Analog,63,918,852,711,30.00,2005-01-01T00:00:00Z,null,INTERNAL_DB,2023-12-08T13:27:19Z,null
148,135120,Ranger Vision,135,923,800,757,0.00,2003-01-01T00:00:00Z,null,INTERNAL_DB,2023-12-08T13:27:19Z,null
149,143150,Trendi,143,925,853,756,0.00,2007-04-01T00:00:00Z,null,INTERNAL_DB,2023-12-08T13:27:19Z,null
150,122110,Bella,122,903,854,753,0.00,2006-01-01T00:00:00Z,null,INTERNAL_DB,2023-12-08T13:27:19Z,null
151,124150,Cat Eye,124,922,852,757,0.00,2006-04-01T00:00:00Z,null,INTERNAL_DB,2023-12-08T13:27:19Z,null
152,125160,Venue,125,925,853,756,0.00,2006-10-01T00:00:00Z,null,INTERNAL_DB,2023-12-08T13:27:19Z,null
153,144120,TX,144,906,851,758,0.00,2003-01-01T00:00:00Z,null,INTERNAL_DB,2023-12-08T13:27:19Z,null
154,134120,Pocket Gizmo,134,922,809,757,0.00,2003-01-01T00:00:00Z,null,INTERNAL_DB,2023-12-08T13:27:19Z,null
155,134130,Pocket Gizmo,134,923,809,757,0.00,2006-01-01T00:00:00Z,null,INTERNAL_DB,2023-12-08T13:27:19Z,null
156,126140,Dante,126,922,852,753,0.00,2003-01-01T00:00:00Z,null,INTERNAL_DB,2023-12-08T13:27:19Z,null
157,8110,TrailChef Double Flame,8,912,846,701,75.00,1997-03-05T00:00:00Z,null,INTERNAL_DB,2023-12-08T13:27:19Z,null
158,16110,Star Peg,16,923,815,702,1.00,1997-03-05T00:00:00Z,null,INTERNAL_DB,2023-12-08T13:27:19Z,null
159,89110,BugShield Lotion,89,908,802,716,2.50,1995-02-15T00:00:00Z,null,INTERNAL_DB,2023-12-08T13:27:19Z,null
160,69110,Polar Ice,69,902,851,712,73.33,1995-02-15T00:00:00Z,null,INTERNAL_DB,2023-12-08T13:27:19Z,null
161,105110,Hailstorm Titanium Woods Set,105,905,851,719,555.90,2003-12-27T00:00:00Z,null,INTERNAL_DB,2023-12-08T13:27:19Z,null
162,122120,Bella,122,919,852,753,0.00,2003-01-01T00:00:00Z,2006-07-31T00:00:00Z,INTERNAL_DB,2023-12-08T13:27:19Z,null
163,123140,Capri,123,922,852,753,0.00,2005-10-01T00:00:00Z,null,INTERNAL_DB,2023-12-08T13:27:19Z,null
164,128120,Inferno,128,918,852,754,0.00,2007-06-01T00:00:00Z,null,INTERNAL_DB,2023-12-08T13:27:19Z,null
165,143140,Trendi,143,923,853,756,0.00,2006-04-01T00:00:00Z,null,INTERNAL_DB,2023-12-08T13:27:19Z,null
166,145130,Legend,145,923,852,754,0.00,2003-01-01T00:00:00Z,null,INTERNAL_DB,2023-12-08T13:27:19Z,null
167,108110,Lady Hailstorm Steel Woods Set,108,916,852,719,472.22,2003-12-27T00:00:00Z,null,INTERNAL_DB,2023-12-08T13:27:19Z,null
168,147170,Zone,147,906,851,756,0.00,2003-01-01T00:00:00Z,null,INTERNAL_DB,2023-12-08T13:27:19Z,null
169,96110,Compact Relief Kit,96,925,826,720,16.43,1995-02-15T00:00:00Z,null,INTERNAL_DB,2023-12-08T13:27:19Z,null
170,144110,TX,144,903,851,758,0.00,2003-01-01T00:00:00Z,2006-07-31T00:00:00Z,INTERNAL_DB,2023-12-08T13:27:19Z,null
171,7110,TrailChef Single Flame,7,923,845,701,46.38,1995-02-15T00:00:00Z,null,INTERNAL_DB,2023-12-08T13:27:19Z,null
172,145140,Legend,145,902,851,754,0.00,2006-07-01T00:00:00Z,null,INTERNAL_DB,2023-12-08T13:27:19Z,null
173,34110,Firefly Extreme,34,902,849,706,28.12,2000-10-26T00:00:00Z,null,INTERNAL_DB,2023-12-08T13:27:19Z,null
174,124180,Cat Eye,124,927,852,757,0.00,2006-10-01T00:00:00Z,null,INTERNAL_DB,2023-12-08T13:27:19Z,null
175,70240,Polar Sports,70,923,851,712,80.00,1997-03-05T00:00:00Z,null,INTERNAL_DB,2023-12-08T13:27:19Z,null
176,76110,Bear Edge,76,902,817,713,23.53,1995-02-15T00:00:00Z,null,INTERNAL_DB,2023-12-08T13:27:19Z,null
177,126110,Dante,126,903,852,753,0.00,2003-01-01T00:00:00Z,2007-06-30T00:00:00Z,INTERNAL_DB,2023-12-08T13:27:19Z,null
178,124120,Cat Eye,124,912,852,757,0.00,2004-10-01T00:00:00Z,null,INTERNAL_DB,2023-12-08T13:27:19Z,null
179,49110,Granite Signal Mirror,49,913,838,710,16.50,2005-01-10T00:00:00Z,null,INTERNAL_DB,2023-12-08T13:27:19Z,null
180,123110,Capri,123,912,852,753,0.00,2004-10-01T00:00:00Z,null,INTERNAL_DB,2023-12-08T13:27:19Z,null
181,132110,Maximus,132,902,851,752,0.00,2003-01-01T00:00:00Z,null,INTERNAL_DB,2023-12-08T13:27:19Z,null
182,33110,Firefly 4,33,926,850,705,18.00,1997-03-05T00:00:00Z,null,INTERNAL_DB,2023-12-08T13:27:19Z,null
183,65110,Mountain Man Deluxe,65,922,852,711,39.00,1997-03-05T00:00:00Z,null,INTERNAL_DB,2023-12-08T13:27:19Z,null
184,67110,Mountain Man Extreme,67,923,853,706,116.19,2000-10-26T00:00:00Z,null,INTERNAL_DB,2023-12-08T13:27:19Z,null
185,70250,Polar Sports,70,926,852,712,80.00,2007-01-01T00:00:00Z,null,INTERNAL_DB,2023-12-08T13:27:19Z,null
186,111110,Blue Steel Max Putter,111,905,853,703,81.80,2003-12-15T00:00:00Z,null,INTERNAL_DB,2023-12-08T13:27:19Z,null
187,109110,Course Pro Putter,109,904,853,718,35.00,2003-12-10T00:00:00Z,null,INTERNAL_DB,2023-12-08T13:27:19Z,null
188,143110,Trendi,143,902,853,756,0.00,2003-01-01T00:00:00Z,null,INTERNAL_DB,2023-12-08T13:27:19Z,null
189,11110,Star Lite,11,901,842,702,250.00,1995-02-15T00:00:00Z,null,INTERNAL_DB,2023-12-08T13:27:19Z,null
190,136120,Sam,136,918,853,756,0.00,2003-01-01T00:00:00Z,2004-11-30T00:00:00Z,INTERNAL_DB,2023-12-08T13:27:19Z,null
191,68120,Polar Sun,68,903,851,712,46.15,2005-01-01T00:00:00Z,null,INTERNAL_DB,2023-12-08T13:27:19Z,null
192,101110,Hailstorm Steel Irons,101,923,851,719,305.54,2003-12-15T00:00:00Z,null,INTERNAL_DB,2023-12-08T13:27:19Z,null
193,104110,Lady Hailstorm Titanium Irons,104,923,852,719,333.32,2003-12-18T00:00:00Z,null,INTERNAL_DB,2023-12-08T13:27:19Z,null
194,124190,Cat Eye,124,902,852,757,0.00,2003-01-01T00:00:00Z,null,INTERNAL_DB,2023-12-08T13:27:19Z,null
195,130120,Lux,130,906,853,758,0.00,2006-10-01T00:00:00Z,null,INTERNAL_DB,2023-12-08T13:27:19Z,null
196,125140,Venue,125,919,853,756,0.00,2003-01-01T00:00:00Z,2005-12-31T00:00:00Z,INTERNAL_DB,2023-12-08T13:27:19Z,null
197,36110,EverGlow Single,36,903,847,708,18.05,1995-02-15T00:00:00Z,null,INTERNAL_DB,2023-12-08T13:27:19Z,null
198,68200,Polar Sun,68,922,851,712,46.15,2005-01-01T00:00:00Z,null,INTERNAL_DB,2023-12-08T13:27:19Z,null
199,130140,Lux,130,925,853,758,0.00,2007-01-01T00:00:00Z,null,INTERNAL_DB,2023-12-08T13:27:19Z,null
200,132140,Maximus,132,922,851,752,0.00,2006-06-01T00:00:00Z,null,INTERNAL_DB,2023-12-08T13:27:19Z,null
201,28110,Canyon Mule Cooler,28,903,833,707,24.00,1995-02-15T00:00:00Z,null,INTERNAL_DB,2023-12-08T13:27:19Z,null
202,80110,Seeker Extreme,80,902,800,706,94.12,1997-03-05T00:00:00Z,null,INTERNAL_DB,2023-12-08T13:27:19Z,null
203,87110,BugShield Spray,87,908,802,716,2.00,1995-02-15T00:00:00Z,null,INTERNAL_DB,2023-12-08T13:27:19Z,null
204,145180,Legend,145,925,852,754,0.00,2006-04-01T00:00:00Z,null,INTERNAL_DB,2023-12-08T13:27:19Z,null
205,68230,Polar Sun,68,922,852,712,46.15,2005-01-01T00:00:00Z,null,INTERNAL_DB,2023-12-08T13:27:19Z,null
206,123150,Capri,123,925,852,753,0.00,2006-10-01T00:00:00Z,null,INTERNAL_DB,2023-12-08T13:27:19Z,null
207,112110,Course Pro Golf and Tee Set,112,917,800,718,6.00,2004-01-10T00:00:00Z,null,INTERNAL_DB,2023-12-08T13:27:19Z,null
208,149130,Retro,149,918,852,754,0.00,2005-06-01T00:00:00Z,null,INTERNAL_DB,2023-12-08T13:27:19Z,null
209,68190,Polar Sun,68,903,852,712,46.15,2005-01-01T00:00:00Z,null,INTERNAL_DB,2023-12-08T13:27:19Z,null
210,127150,Fairway,127,918,851,752,0.00,2003-01-01T00:00:00Z,2005-09-30T00:00:00Z,INTERNAL_DB,2023-12-08T13:27:19Z,null
211,37110,EverGlow Double,37,902,848,708,28.75,1997-03-05T00:00:00Z,null,INTERNAL_DB,2023-12-08T13:27:19Z,null
212,4110,TrailChef Cup,4,923,804,701,5.00,1995-02-15T00:00:00Z,null,INTERNAL_DB,2023-12-08T13:27:19Z,null
213,62110,Granite Extreme,62,923,815,706,47.06,2005-01-10T00:00:00Z,null,INTERNAL_DB,2023-12-08T13:27:19Z,null
214,153110,Auto Pilot,153,923,800,757,0.00,2006-06-01T00:00:00Z,null,INTERNAL_DB,2023-12-08T13:27:19Z,null
215,50110,Granite Carabiner,50,923,801,710,2.00,2005-01-10T00:00:00Z,null,INTERNAL_DB,2023-12-08T13:27:19Z,null
216,115110,Course Pro Gloves,115,922,839,718,5.00,2003-12-27T00:00:00Z,null,INTERNAL_DB,2023-12-08T13:27:19Z,null
217,144140,TX,144,926,851,758,0.00,2003-01-01T00:00:00Z,2005-09-30T00:00:00Z,INTERNAL_DB,2023-12-08T13:27:19Z,null
218,145150,Legend,145,918,852,754,0.00,2003-01-01T00:00:00Z,2004-12-31T00:00:00Z,INTERNAL_DB,2023-12-08T13:27:19Z,null
219,146130,Zodiak,146,912,852,757,0.00,2005-10-01T00:00:00Z,null,INTERNAL_DB,2023-12-08T13:27:19Z,null
220,24110,Canyon Mule Climber Backpack,24,922,828,707,62.50,1997-03-05T00:00:00Z,null,INTERNAL_DB,2023-12-08T13:27:19Z,null
221,68240,Polar Sun,68,923,851,712,46.15,2005-01-01T00:00:00Z,null,INTERNAL_DB,2023-12-08T13:27:19Z,null
222,132130,Maximus,132,918,851,752,0.00,2003-01-01T00:00:00Z,2005-03-31T00:00:00Z,INTERNAL_DB,2023-12-08T13:27:19Z,null
223,75110,Edge Extreme,75,922,813,706,80.00,2000-10-26T00:00:00Z,null,INTERNAL_DB,2023-12-08T13:27:19Z,null
224,68110,Polar Sun,68,923,852,712,46.15,1995-02-15T00:00:00Z,null,INTERNAL_DB,2023-12-08T13:27:19Z,null
225,128150,Inferno,128,903,851,754,0.00,2003-01-01T00:00:00Z,2007-06-30T00:00:00Z,INTERNAL_DB,2023-12-08T13:27:19Z,null
226,10110,TrailChef Utensils,10,923,822,701,10.00,1995-02-15T00:00:00Z,null,INTERNAL_DB,2023-12-08T13:27:19Z,null
227,124130,Cat Eye,124,918,852,757,0.00,2003-01-01T00:00:00Z,2006-02-28T00:00:00Z,INTERNAL_DB,2023-12-08T13:27:19Z,null
228,128180,Inferno,128,923,851,754,0.00,2006-08-01T00:00:00Z,null,INTERNAL_DB,2023-12-08T13:27:19Z,null
229,13110,Star Gazer 2,13,915,842,702,392.57,1995-02-15T00:00:00Z,null,INTERNAL_DB,2023-12-08T13:27:19Z,null
230,71110,Polar Wave,71,902,853,712,60.00,1997-03-05T00:00:00Z,null,INTERNAL_DB,2023-12-08T13:27:19Z,null
231,92110,Sun Shelter Stick,92,925,803,717,2.00,1995-02-15T00:00:00Z,null,INTERNAL_DB,2023-12-08T13:27:19Z,null
232,140110,Trail Master,140,902,800,752,0.00,2003-01-01T00:00:00Z,2005-05-31T00:00:00Z,INTERNAL_DB,2023-12-08T13:27:19Z,null
233,29110,Canyon Mule Carryall,29,903,832,707,41.18,1997-03-05T00:00:00Z,null,INTERNAL_DB,2023-12-08T13:27:19Z,null
234,66110,Mountain Man Combination,66,902,853,711,45.00,1997-03-05T00:00:00Z,null,INTERNAL_DB,2023-12-08T13:27:19Z,null
235,46110,Granite Climbing Helmet,46,918,853,710,52.86,2005-01-10T00:00:00Z,null,INTERNAL_DB,2023-12-08T13:27:19Z,null
236,132160,Maximus,132,926,851,752,0.00,2003-01-01T00:00:00Z,2004-12-31T00:00:00Z,INTERNAL_DB,2023-12-08T13:27:19Z,null
237,136130,Sam,136,919,853,756,0.00,2006-07-01T00:00:00Z,null,INTERNAL_DB,2023-12-08T13:27:19Z,null
238,129110,Infinity,129,902,852,754,0.00,2004-10-01T00:00:00Z,null,INTERNAL_DB,2023-12-08T13:27:19Z,null
239,130150,Lux,130,926,853,758,0.00,2007-04-01T00:00:00Z,null,INTERNAL_DB,2023-12-08T13:27:19Z,null
240,12110,Star Dome,12,922,843,702,473.07,1997-03-05T00:00:00Z,null,INTERNAL_DB,2023-12-08T13:27:19Z,null
241,53110,Firefly Climbing Lamp,53,913,849,705,28.55,2005-01-10T00:00:00Z,null,INTERNAL_DB,2023-12-08T13:27:19Z,null
242,124160,Cat Eye,124,925,852,757,0.00,2006-10-01T00:00:00Z,null,INTERNAL_DB,2023-12-08T13:27:19Z,null
243,128170,Inferno,128,922,851,754,0.00,2007-04-01T00:00:00Z,null,INTERNAL_DB,2023-12-08T13:27:19Z,null
244,60110,Granite Grip,60,922,812,710,10.00,2005-01-10T00:00:00Z,null,INTERNAL_DB,2023-12-08T13:27:19Z,null
245,44110,Husky Rope 100,44,903,836,709,231.11,2005-01-10T00:00:00Z,null,INTERNAL_DB,2023-12-08T13:27:19Z,null
246,100110,Insect Bite Relief,100,908,803,720,3.00,1995-02-15T00:00:00Z,null,INTERNAL_DB,2023-12-08T13:27:19Z,null
247,69120,Polar Ice,69,902,852,712,73.33,2005-01-01T00:00:00Z,null,INTERNAL_DB,2023-12-08T13:27:19Z,null
248,122140,Bella,122,925,854,753,0.00,2006-04-01T00:00:00Z,null,INTERNAL_DB,2023-12-08T13:27:19Z,null
249,123120,Capri,123,918,852,753,0.00,2003-01-01T00:00:00Z,2006-02-28T00:00:00Z,INTERNAL_DB,2023-12-08T13:27:19Z,null
250,143120,Trendi,143,906,853,756,0.00,2003-01-01T00:00:00Z,null,INTERNAL_DB,2023-12-08T13:27:19Z,null
251,110110,Blue Steel Putter,110,902,853,703,60.00,2003-12-10T00:00:00Z,null,INTERNAL_DB,2023-12-08T13:27:19Z,null
252,129140,Infinity,129,926,851,754,0.00,2007-04-01T00:00:00Z,null,INTERNAL_DB,2023-12-08T13:27:19Z,null
253,74110,Double Edge,74,922,813,713,11.43,1995-02-15T00:00:00Z,null,INTERNAL_DB,2023-12-08T13:27:19Z,null
254,145110,Legend,145,912,852,754,0.00,2003-01-01T00:00:00Z,2005-09-30T00:00:00Z,INTERNAL_DB,2023-12-08T13:27:19Z,null
255,151110,Astro Pilot,151,902,800,757,0.00,2005-06-01T00:00:00Z,null,INTERNAL_DB,2023-12-08T13:27:19Z,null
256,149150,Retro,149,925,852,754,0.00,2007-01-01T00:00:00Z,null,INTERNAL_DB,2023-12-08T13:27:19Z,null
257,141110,Trail Scout,141,902,800,752,0.00,2003-01-01T00:00:00Z,2006-05-31T00:00:00Z,INTERNAL_DB,2023-12-08T13:27:19Z,null
258,61110,Granite Axe,61,906,819,710,20.00,2005-01-10T00:00:00Z,null,INTERNAL_DB,2023-12-08T13:27:19Z,null
259,147160,Zone,147,902,851,756,0.00,2003-01-01T00:00:00Z,null,INTERNAL_DB,2023-12-08T13:27:19Z,null
260,113110,Course Pro Umbrella,113,922,840,718,6.00,2004-01-15T00:00:00Z,null,INTERNAL_DB,2023-12-08T13:27:19Z,null
261,152110,Sky Pilot,152,902,800,757,0.00,2005-06-01T00:00:00Z,null,INTERNAL_DB,2023-12-08T13:27:19Z,null
262,144180,TX,144,923,851,758,0.00,2003-01-01T00:00:00Z,null,INTERNAL_DB,2023-12-08T13:27:19Z,null
263,31110,Firefly Mapreader,31,926,847,705,7.50,1997-03-05T00:00:00Z,null,INTERNAL_DB,2023-12-08T13:27:19Z,null
264,132120,Maximus,132,906,851,752,0.00,2003-01-01T00:00:00Z,null,INTERNAL_DB,2023-12-08T13:27:19Z,null
265,154130,Kodiak,154,912,851,757,0.00,2003-01-01T00:00:00Z,2006-12-31T00:00:00Z,INTERNAL_DB,2023-12-08T13:27:19Z,null
266,20110,Hibernator Self - Inflating Mat,20,903,820,704,78.55,1997-03-05T00:00:00Z,null,INTERNAL_DB,2023-12-08T13:27:19Z,null
267,78110,Seeker 35,78,902,800,714,79.19,1995-02-15T00:00:00Z,null,INTERNAL_DB,2023-12-08T13:27:19Z,null
268,147110,Zone,147,902,852,756,0.00,2003-01-01T00:00:00Z,null,INTERNAL_DB,2023-12-08T13:27:19Z,null
269,131130,Max Gizmo,131,927,811,757,0.00,2006-01-01T00:00:00Z,null,INTERNAL_DB,2023-12-08T13:27:19Z,null
270,144170,TX,144,922,852,758,0.00,2003-01-01T00:00:00Z,null,INTERNAL_DB,2023-12-08T13:27:19Z,null
271,145160,Legend,145,919,851,754,0.00,2003-01-01T00:00:00Z,2006-03-31T00:00:00Z,INTERNAL_DB,2023-12-08T13:27:19Z,null
272,128160,Inferno,128,912,851,754,0.00,2007-01-01T00:00:00Z,null,INTERNAL_DB,2023-12-08T13:27:19Z,null
273,143130,Trendi,143,919,853,756,0.00,2003-01-01T00:00:00Z,2006-07-31T00:00:00Z,INTERNAL_DB,2023-12-08T13:27:19Z,null
274,129120,Infinity,129,903,852,754,0.00,2006-01-01T00:00:00Z,null,INTERNAL_DB,2023-12-08T13:27:19Z,null
