PRODUCT_NAME_KEY,PRODUCT_NUMBER,PRODUCT_NAME,PRODUCT_DESCRIPTION,SOURCE_ID,DATA_DATE,UPDATE_DATE
1,1110,TrailChef Water Bag,"Lightweight, collapsible bag to carry liquids easily.  Wide mouth for easy filling.  Holds 10 liters.",LKP_FILE,2023-12-08T11:49:55Z,null
2,2110,TrailChef Canteen,"Aluminum canteen. Rugged fleece-lined cover with belt clips, removable shoulder sling and small pocket for water purification tablets bottle. Holds 2 liters",LKP_FILE,2023-12-08T11:49:55Z,null
3,3110,TrailChef Kitchen Kit,"Zippered nylon pouch contains cutlery for two, can opener, wire whisk, scrubber sponge, 2  60 ml squirt bottles, pancake turner and salt and pepper shaker.  Measures 10 x 22 x 5 cm.",LKP_FILE,2023-12-08T11:49:55Z,null
4,4110,TrailChef Cup,Tin cup. Holds 0.4 liters. Weight: 60 g,LKP_FILE,2023-12-08T11:49:55Z,null
5,5110,TrailChef Cook Set,All you will ever need on the trail.  Pot gripper and nylon carrying bag included.  1.5 and 2 liter pots with individual lids. Weight: 750 g.,LKP_FILE,2023-12-08T11:49:55Z,null
6,6110,TrailChef Deluxe Cook Set,"Cascade set features 1, 2, and 3 liter pots with individual lids that double as fry pans or plates. Pot gripper and nylon carrying bag included.  Weight: 1.4 kg.",LKP_FILE,2023-12-08T11:49:55Z,null
7,7110,TrailChef Single Flame,"A single burner stove with integral tank.  It features precise flame control so you will never have to settle for burnt camp food again.  Weight 624 g, fuel is white gas.",LKP_FILE,2023-12-08T11:49:55Z,null
8,8110,TrailChef Double Flame,"The TrailChef Double Flame is a camp stove which attaches directly to fuel canisters. Features precise flame control and a built-in windscreen.  Weight is 850 g, fuel is propane.",LKP_FILE,2023-12-08T11:49:55Z,null
9,9110,TrailChef Kettle,"This old-fashioned style kettle is made of durable enamel.  Weight: 350g, Holds 1.5 liters.",LKP_FILE,2023-12-08T11:49:55Z,null
10,10110,TrailChef Utensils,"Spoon, fork and knife set made of a light yet strong metal alloy.  Carrying pouch included.",LKP_FILE,2023-12-08T11:49:55Z,null
11,11110,Star Lite,"A perfect tent for biking and hiking trips, compact and very light.  Features three shock cord aluminum poles, and three large mesh windows.  Packed size: 15 x 40 cm. Weight: 0.5 kg.",LKP_FILE,2023-12-08T11:49:55Z,null
12,12110,Star Dome,"Four pole geodesic dome mountain tent that comfortably fits two to three people. 10 mm aluminum poles, mesh pole sleeves and taped seams.  Packed size: 22 x 63 cm. Weight: 4.8 kg.",LKP_FILE,2023-12-08T11:49:55Z,null
13,13110,Star Gazer 2,The Star Gazer 2 is the Great Outdoor's most versatile tent.  It is a large two-person tent that is both durable and light weight.  Packed size: 18 x 70 cm. Weight: 2.6 kg.,LKP_FILE,2023-12-08T11:49:55Z,null
14,14110,Star Gazer 3,"The Star Gazer 3 features a water proof fly, mesh window and two doors for good ventilation.  Packed size: 20 x 70 cm. Weight: 5.3 kg.",LKP_FILE,2023-12-08T11:49:55Z,null
15,15110,Star Gazer 6,"Massive cabin tent has ample room for six people. Mesh door and vent, T-style door.  Four side windows with storm flaps and three carry bags for tent and poles.",LKP_FILE,2023-12-08T11:49:55Z,null
16,16110,Star Peg,"A single tent peg made of heavy-duty plated steel. Long enough even for hard, rocky ground. Length: 25 cm",LKP_FILE,2023-12-08T11:49:55Z,null
17,17110,Hibernator Lite,The Hibernator Lite is the perfect summer sleeping bag.  Light weight and comfortable down to 10°C.  The rectangular shape allows for easy pairing.  Weight with stuff sack: 1.0 kg.,LKP_FILE,2023-12-08T11:49:55Z,null
18,18110,Hibernator,The Hibernator is a three-season sleeping bag. The rectangular shape allows for easy pairing. Nylon shell material.  8 cm loft.  Comfortable down to 0°C.  One size fits up to 195 cm.,LKP_FILE,2023-12-08T11:49:55Z,null
19,19110,Hibernator Extreme,"The Hibernator Extreme has all the features you need for four-season comfort.  Comfortable from -18° to 9°C. Silk comfort lining, nylon shell. Fits users to 195 cm, stuff sack included.",LKP_FILE,2023-12-08T11:49:55Z,null
20,20110,Hibernator Self - Inflating Mat,Mattress is made of extra-thick foam. Mesh stuff sack included for easy carrying and storage. Repair kit included.,LKP_FILE,2023-12-08T11:49:55Z,null
21,21110,Hibernator Pad,Warms up quickly for snow camping comfort. The Hibernator Pad will resist cracking in temperatures as low as -30°C.,LKP_FILE,2023-12-08T11:49:55Z,null
22,22110,Hibernator Pillow,"Camp pillow is filled with soft, luxurious fibers for maximum compactness and resiliency. Covered with soft cotton on one side and soft flannel on the other.",LKP_FILE,2023-12-08T11:49:55Z,null
23,23110,Hibernator Camp Cot,Aluminum frame camp cot that is lightweight and durable.  Size: 100 x 225 x 50 cm.  Weight: 7 kg.,LKP_FILE,2023-12-08T11:49:55Z,null
24,24110,Canyon Mule Climber Backpack,"This pack is perfect for day trips and short hikes. Also great for students.  Separate front compartment, multi-layered interior organizer, 2 cm waist belt, 32,000 cu. cm.",LKP_FILE,2023-12-08T11:49:55Z,null
25,25110,Canyon Mule Weekender Backpack,"A weekend getaway requires this pack.  It features a large front compression pocket, harness and waist belt, foam molded back panel, vinyl covered gear loops.  50,000 cu. cm.",LKP_FILE,2023-12-08T11:49:55Z,null
26,26110,Canyon Mule Journey Backpack,"Set of three packs: handlebar pack, front pack and rear pack.  Designed to fit most mountain bikes.  Includes mounting hardware.  Total volume: 66,000 cu. cm.",LKP_FILE,2023-12-08T11:49:55Z,null
27,27110,Canyon Mule Extreme Backpack,"Perfect for long back country trips, this pack features an expandable front pocket, includes a large sleeping bag compartment, padded shoulder harness, back and waist belt. 90,000 cu. cm.",LKP_FILE,2023-12-08T11:49:55Z,null
28,28110,Canyon Mule Cooler,"A durable plastic cooler with hinged top, perfect for storing small items. Size:100 x 50 x 50 cm.",LKP_FILE,2023-12-08T11:49:55Z,null
29,29110,Canyon Mule Carryall,"This pack has a large capacity, perfect for carrying all your camping gear.  Solid metal zipper and leather bottom.",LKP_FILE,2023-12-08T11:49:55Z,null
30,30110,Firefly Lite,"Lightweight flashlight made from aircraft aluminum. Focusable beam, tail cap push button allows for single-handed operation. Uses two AA batteries, included.",LKP_FILE,2023-12-08T11:49:55Z,null
31,31110,Firefly Mapreader,"Clip-on flashlight for map or book reading. Also comes with flexible fiber optic extension. Lightweight, uses only one AA battery, included.",LKP_FILE,2023-12-08T11:49:55Z,null
32,32110,Firefly 2,"A high quality aluminum flashlight with Krypton bulb.  Uses two D batteries, included.",LKP_FILE,2023-12-08T11:49:55Z,null
33,33110,Firefly 4,"Made of solid plastic construction, adjustable beam (flood to spot), Krypton bulb.  Uses four D batteries, included.",LKP_FILE,2023-12-08T11:49:55Z,null
34,34110,Firefly Extreme,"The Firefly Extreme is under 15 cm long yet produces 7,000 candlepower using two lithium batteries and a Xenon bulb. Shock and water resistant. Weight: 135 g.",LKP_FILE,2023-12-08T11:49:55Z,null
35,35110,Firefly Multi-light,"This light can be used as either a flashlight or as a lamp. Uses two C batteries, included.  Burn time 7-8 hours. Water-resistant.",LKP_FILE,2023-12-08T11:49:55Z,null
36,36110,EverGlow Single,Light output approximates a 100 W bulb. Single mantle regulated. Porcelain dome. Uses 0.5 liter  propane cylinder (not included).,LKP_FILE,2023-12-08T11:49:55Z,null
37,37110,EverGlow Double,Light output approximates a 175 W bulb. Double mantle regulated. Porcelain dome. Uses 0.5 liter propane cylinder (not included).,LKP_FILE,2023-12-08T11:49:55Z,null
38,38110,EverGlow Kerosene,"One of the most dependable sources of light in an emergency, this lantern is always ready and doesn't need to be recharged. Cotton wick. Height: 30 cm.",LKP_FILE,2023-12-08T11:49:55Z,null
39,39110,EverGlow Butane,"Adjustable brightness control with auto ignition. Safely stores in its own protective case.  Approximate burn time 5 hours on one 0.25 liter butane canister, included.",LKP_FILE,2023-12-08T11:49:55Z,null
40,40110,EverGlow Lamp,"Perfect for in your tent, this lamp comes with a 6V battery.  Complete with shade and hanging hook.",LKP_FILE,2023-12-08T11:49:55Z,null
41,41110,Flicker Lantern,"Simple to use, just requires a candle to be inserted and lit.  Windproof, lasts for hours.",LKP_FILE,2023-12-08T11:49:55Z,null
42,42110,Husky Rope 50,11 mm diameter standard rope. Length: 50 m.  Weight: 78 g per meter. Impact Force: 7.2 kN. Static Elongation: 7.8%. Number of UIAA Falls: 16.,LKP_FILE,2023-12-08T11:49:55Z,null
43,43110,Husky Rope 60,11 mm diameter standard rope. Length: 60 m.  Weight: 78 g per meter. Impact Force: 7.2 kN. Static Elongation: 7.8%. Number of UIAA Falls: 16.,LKP_FILE,2023-12-08T11:49:55Z,null
44,44110,Husky Rope 100,11 mm diameter standard rope. Length: 100 m.  Weight: 78 g per meter. Impact Force: 7.2 kN. Static Elongation: 7.8%. Number of UIAA Falls: 16.,LKP_FILE,2023-12-08T11:49:55Z,null
45,45110,Husky Rope 200,11 mm diameter standard rope. Length: 200 m.  Weight: 78 g per meter. Impact Force: 7.2 kN. Static Elongation: 7.8%. Number of UIAA Falls: 16.,LKP_FILE,2023-12-08T11:49:55Z,null
46,46110,Granite Climbing Helmet,"This UIAA approved helmet fits adults and kids, suitable for rock and alpine use.",LKP_FILE,2023-12-08T11:49:55Z,null
47,47110,Husky Harness,One size fits all due to extensive waist belt adjustment and fully adjustable leg loops.,LKP_FILE,2023-12-08T11:49:55Z,null
48,48110,Husky Harness Extreme,One size fits all. Top of the range fully adjustable technical harness. Ultra high strength belay loop rated in excess of 30kN. Rear haul loop rated to 10kN.,LKP_FILE,2023-12-08T11:49:55Z,null
49,49110,Granite Signal Mirror,Day or night signal mirror with gridded sighting hole.  6mm laminated glass. Soft carrying case included. Size: 8 x 13 cm. Weight: 400 g.,LKP_FILE,2023-12-08T11:49:55Z,null
50,50110,Granite Carabiner,Made from 12 mm rod stock aluminum and a radius suitable for almost any rope size. Locks tight with almost any belay/rappel combination. Individually tested.,LKP_FILE,2023-12-08T11:49:55Z,null
51,51110,Granite Belay,The Granite Belay is an ingenious single rope belay device that uses carabiner movement to brake the rope.,LKP_FILE,2023-12-08T11:49:55Z,null
52,52110,Granite Pulley,"Light, simple and strong, a great all purpose pulley.",LKP_FILE,2023-12-08T11:49:55Z,null
53,53110,Firefly Climbing Lamp,"This climbing lamp is water-resistant. It comes with two bulbs, standard and halogen. Includes one 6V halogen bulb and one 6V standard bulb. Weight: 200g.",LKP_FILE,2023-12-08T11:49:55Z,null
54,54110,Firefly Charger,"Power charger for the Firefly Climbing Lamp. The charger cannot overcharge the Firefly battery, so you can leave it in the charger without worrying.",LKP_FILE,2023-12-08T11:49:55Z,null
55,55110,Firefly Rechargeable Battery,"Rechargeable battery pack for the Firefly Climbing Lamp. Each charge gives 3 hours of light with a halogen bulb and 9 hours with standard bulb. Battery may be recharged up to 1,000 times.",LKP_FILE,2023-12-08T11:49:55Z,null
56,56110,Granite Chalk Bag,Nylon web bag perfect for holding several sticks of chalk.,LKP_FILE,2023-12-08T11:49:55Z,null
57,57110,Granite Ice,A general purpose mountaineering axe for snow and glacier travel. Excellent mid-weight axe. Weight: 638 g,LKP_FILE,2023-12-08T11:49:55Z,null
58,58110,Granite Hammer,A solid hammer made with a solid hard wood handle and steel head.  Weight: 800g.,LKP_FILE,2023-12-08T11:49:55Z,null
59,59110,Granite Shovel,Shovel has removable aluminum handle and heat treated aluminum blade.,LKP_FILE,2023-12-08T11:49:55Z,null
60,60110,Granite Grip,"All-purpose stainless steel pliers. Sheath included. Length (closed) 12cm, (open) 16 cm. Weight: 200 g.",LKP_FILE,2023-12-08T11:49:55Z,null
61,61110,Granite Axe,Camping axe with clear coated wood handle.,LKP_FILE,2023-12-08T11:49:55Z,null
62,62110,Granite Extreme,"The Edge Extreme is a collapsible plier-shaped gadget, three knife blades, file and scissors, perfect for the outdoors.  Carrying case included.",LKP_FILE,2023-12-08T11:49:55Z,null
63,63110,Mountain Man Analog,"Padded leather strap, precision Swiss quartz movement, sweep second hand, 24-hour time ring, luminous hands and markers, hardened mineral crystal.",LKP_FILE,2023-12-08T11:49:55Z,null
64,63130,Mountain Man Analog,"Padded leather strap, precision Swiss quartz movement, sweep second hand, 24-hour time ring, luminous hands and markers, hardened mineral crystal.",LKP_FILE,2023-12-08T11:49:55Z,null
65,63140,Mountain Man Analog,"Padded leather strap, precision Swiss quartz movement, sweep second hand, 24-hour time ring, luminous hands and markers, hardened mineral crystal.",LKP_FILE,2023-12-08T11:49:55Z,null
66,64110,Mountain Man Digital,"Tough rubber strap, digital face, hardened crystal, water-resistant to 50 meters.",LKP_FILE,2023-12-08T11:49:55Z,null
67,65110,Mountain Man Deluxe,"Tough rubber strap, precision Swiss quartz movement, imbedded digital face, luminous hands and markers, hardened mineral crystal, start and stop buttons, water-resistant to 50 meters.",LKP_FILE,2023-12-08T11:49:55Z,null
68,65120,Mountain Man Deluxe,"Tough rubber strap, precision Swiss quartz movement, imbedded digital face, luminous hands and markers, hardened mineral crystal, start and stop buttons, water-resistant to 50 meters.",LKP_FILE,2023-12-08T11:49:55Z,null
69,66110,Mountain Man Combination,"Combination watch, altimeter, compass and barometric gauge.  Heavy duty rubber strap,  hardened mineral crystal.",LKP_FILE,2023-12-08T11:49:55Z,null
70,67110,Mountain Man Extreme,"Solid titanium case, crown, bezel.  Combination nylon and rubber strap. Analog representation on digital interface.  Backlit, hardened mineral crystal, water-resistant to 100 meters.",LKP_FILE,2023-12-08T11:49:55Z,null
71,68110,Polar Sun,"The Polar Sun sunglasses have 3 mm thick lenses, which makes excellent protective eyewear for sport and safety.",LKP_FILE,2023-12-08T11:49:55Z,null
72,68120,Polar Sun,"The Polar Sun sunglasses have 3 mm thick lenses, which makes excellent protective eyewear for sport and safety.",LKP_FILE,2023-12-08T11:49:55Z,null
73,68190,Polar Sun,"The Polar Sun sunglasses have 3 mm thick lenses, which makes excellent protective eyewear for sport and safety.",LKP_FILE,2023-12-08T11:49:55Z,null
74,68200,Polar Sun,"The Polar Sun sunglasses have 3 mm thick lenses, which makes excellent protective eyewear for sport and safety.",LKP_FILE,2023-12-08T11:49:55Z,null
75,68220,Polar Sun,"The Polar Sun sunglasses have 3 mm thick lenses, which makes excellent protective eyewear for sport and safety.",LKP_FILE,2023-12-08T11:49:55Z,null
76,68230,Polar Sun,"The Polar Sun sunglasses have 3 mm thick lenses, which makes excellent protective eyewear for sport and safety.",LKP_FILE,2023-12-08T11:49:55Z,null
77,68240,Polar Sun,"The Polar Sun sunglasses have 3 mm thick lenses, which makes excellent protective eyewear for sport and safety.",LKP_FILE,2023-12-08T11:49:55Z,null
78,68250,Polar Sun,"The Polar Sun sunglasses have 3 mm thick lenses, which makes excellent protective eyewear for sport and safety.",LKP_FILE,2023-12-08T11:49:55Z,null
79,69110,Polar Ice,Polar Ice sunglasses have polarized lenses to combat glare from snow. Unbreakable nylon frame.,LKP_FILE,2023-12-08T11:49:55Z,null
80,69120,Polar Ice,Polar Ice sunglasses have polarized lenses to combat glare from snow. Unbreakable nylon frame.,LKP_FILE,2023-12-08T11:49:55Z,null
81,70110,Polar Sports,Six base classic nylon composite frame sunglasses with wire core temples.,LKP_FILE,2023-12-08T11:49:55Z,null
82,70120,Polar Sports,Six base classic nylon composite frame sunglasses with wire core temples.,LKP_FILE,2023-12-08T11:49:55Z,null
83,70140,Polar Sports,Six base classic nylon composite frame sunglasses with wire core temples.,LKP_FILE,2023-12-08T11:49:55Z,null
84,70160,Polar Sports,Six base classic nylon composite frame sunglasses with wire core temples.,LKP_FILE,2023-12-08T11:49:55Z,null
85,70200,Polar Sports,Six base classic nylon composite frame sunglasses with wire core temples.,LKP_FILE,2023-12-08T11:49:55Z,null
86,70240,Polar Sports,Six base classic nylon composite frame sunglasses with wire core temples.,LKP_FILE,2023-12-08T11:49:55Z,null
87,70250,Polar Sports,Six base classic nylon composite frame sunglasses with wire core temples.,LKP_FILE,2023-12-08T11:49:55Z,null
88,71110,Polar Wave,"Acrylex lenses in the Polar Wave sunglasses absorb up to 90% of visible light, 96% ultraviolet, and 82% infrared light. Unbreakable nylon frames.",LKP_FILE,2023-12-08T11:49:55Z,null
89,72110,Polar Extreme,Ideal for skiing and winter mountaineering. Frame is durable polyurethane with soft interior foam and adjustable woven elastic band providing an excellent fit. Weight: 139 g.,LKP_FILE,2023-12-08T11:49:55Z,null
90,73110,Single Edge,"Single stainless steel blade folding knife. Length: (closed) 5 cm, (blade) 4.5 cm. Blade thickness 2 mm.  Weight: 90 g.",LKP_FILE,2023-12-08T11:49:55Z,null
91,74110,Double Edge,"Double stainless steel blade folding knife. Length: (closed) 6 cm, (blades) 5.5 cm and 3 cm. Blade thickness: 2 mm. Weight: 110 g.",LKP_FILE,2023-12-08T11:49:55Z,null
92,75110,Edge Extreme,"Multi-purpose pocketknife ruggedly constructed of stainless steel.  Includes 4 different blades, corkscrew, saw, scissors, pliers and more.",LKP_FILE,2023-12-08T11:49:55Z,null
93,76110,Bear Edge,Knife is 33 cm long with a 20 cm blade made of surgical stainless steel. The handle is laminated wood. The custom made sheath is black leather.,LKP_FILE,2023-12-08T11:49:55Z,null
94,77110,Bear Survival Edge,Features a 23 cm razor edge blade tempered from a special blend of stainless steel. The hollow handle has a compartment containing survival gear including a compass. Overall length: 36cm.,LKP_FILE,2023-12-08T11:49:55Z,null
95,78110,Seeker 35,"This 7 x 35 model is economical and performs well optically. Fully coated lenses, compact and  lightweight. Rubber covered for secure and comfortable grip. Soft carrying case included.",LKP_FILE,2023-12-08T11:49:55Z,null
96,79110,Seeker 50,Rubber coated and ergonomically designed. The wide angle of view of 10 x 50 keeps more of your subject in view at high magnification. Soft carrying case included.,LKP_FILE,2023-12-08T11:49:55Z,null
97,80110,Seeker Extreme,"These ergonomic binoculars are light-weight and easy to hold.  Strong construction make them impervious to water, fog and thermal shocks. Soft carrying case included.",LKP_FILE,2023-12-08T11:49:55Z,null
98,81110,Seeker Mini,"This 8 x 22 model is economical and performs well optically. Fully coated lenses, compact and  light-weight. Rubber covered for secure and comfortable grip. Soft carrying case included.",LKP_FILE,2023-12-08T11:49:55Z,null
99,82110,Glacier Basic,Traditional magnetic compass in a stainless steel casing.,LKP_FILE,2023-12-08T11:49:55Z,null
100,83110,Glacier Deluxe,Magnetic Compass has a large sighting mirror with v-notch allowing for quick acquisition and accurate bearings to distant landmarks.,LKP_FILE,2023-12-08T11:49:55Z,null
101,84110,Glacier GPS,"Global Positioning System that is small, lightweight, and rugged. Incredibly easy to use, dedicated operation keys, and three user-friendly navigation screens.",LKP_FILE,2023-12-08T11:49:55Z,null
102,85110,Glacier GPS Extreme,"Hand held GPS receiver with color display. Incredibly easy to use, three user-friendly navigation screens, and saves two routes. Up to 20 hours of battery life just on two AA batteries.",LKP_FILE,2023-12-08T11:49:55Z,null
103,86110,BugShield Natural,"Contains no chemicals. Repels mosquitoes, black flies, biting midges, and fleas effectively. Safe for children and environmentally sound.  Active ingredient: Citronella 10%. 100 ml.",LKP_FILE,2023-12-08T11:49:55Z,null
104,87110,BugShield Spray,"Repels black flies, ticks, mosquitoes, chiggers, deer flies and stable flies. Protects against Lyme ticks. Contains 23.75% active ingredient. Clear, odorless formula. 100 ml.",LKP_FILE,2023-12-08T11:49:55Z,null
105,88110,BugShield Lotion Lite,"Repels black flies, ticks, mosquitoes, chiggers, deer flies and stable flies. Contains 8.75% active ingredient for a lighter application. Odorless cream. 100 ml.",LKP_FILE,2023-12-08T11:49:55Z,null
106,89110,BugShield Lotion,"Repels black flies, ticks, mosquitoes, chiggers, deer flies and stable flies. Protects against Lyme ticks. Contains 23.75% active ingredient. Odorless cream. 100 ml.",LKP_FILE,2023-12-08T11:49:55Z,null
107,90110,BugShield Extreme,"Highest amount of the active ingredient, 38%, for up to 10 hours of protection. Repels black flies, ticks, mosquitoes, deer flies and stable flies. Clear, odorless formula. 100 ml.",LKP_FILE,2023-12-08T11:49:55Z,null
108,91110,Sun Blocker,"Sun Blocker is waterproof and lasts up to eight hours. It contains natural skin conditioners and moisturizers, as well as titanium dioxide for the ultimate level of protection.",LKP_FILE,2023-12-08T11:49:55Z,null
109,92110,Sun Shelter Stick,"Easy to apply to your nose, lips, ears and other sensitive areas. Provides long-lasting protection from sun, wind and water to keep your skin soft and moist.",LKP_FILE,2023-12-08T11:49:55Z,null
110,93110,Sun Shelter 15,SPF 15 protects against all harmful rays.,LKP_FILE,2023-12-08T11:49:55Z,null
111,94110,Sun Shelter 30,SPF 30 provides maximum protection and is long-lasting.,LKP_FILE,2023-12-08T11:49:55Z,null
112,95110,Sun Shield,"PABA free sunscreen, SPF 30, poison oak and ivy protectant, waterproof, insect repellent against fleas, mosquitoes, deer ticks, gnats.  Moisturizer contains Vitamin E and Lanolin.",LKP_FILE,2023-12-08T11:49:55Z,null
113,96110,Compact Relief Kit,"A personal first aid kit is recommended for every outdoor hiker or camper. Contains basic wound management, advanced infectious control, and more. Size: 17 x 10 x 7 cm. Weight: 0.3 kg.",LKP_FILE,2023-12-08T11:49:55Z,null
114,97110,Deluxe Family Relief Kit,"A complete medical kit suitable for families with children.  Contains cough syrup, oral rehydration salts, advanced wound management, and more.  Size: 22 x 12 x 7 cm. Weight: 0.6 kg.",LKP_FILE,2023-12-08T11:49:55Z,null
115,98110,Calamine Relief,"Use the Calamine Relief for allergic skin reactions, helps combat itching and swelling.",LKP_FILE,2023-12-08T11:49:55Z,null
116,99110,Aloe Relief,"Perfect for minor burns and sunburn, the aloe vera provides quick relief.",LKP_FILE,2023-12-08T11:49:55Z,null
117,100110,Insect Bite Relief,The Insect Bite Relief helps the itching and swelling caused by most insect bites.,LKP_FILE,2023-12-08T11:49:55Z,null
118,101110,Hailstorm Steel Irons,Iron is 17-4 stainless steel.  Shafts are graphite with a frequency matched throughout the set. Includes 3 iron to Pitching Wedge.,LKP_FILE,2023-12-08T11:49:55Z,null
119,102110,Hailstorm Titanium Irons,Made entirely of pure titanium. The ultimate in golf club technology. Lightweight graphite shaft and light overall weight. Includes 3 iron to Pitching Wedge.,LKP_FILE,2023-12-08T11:49:55Z,null
120,103110,Lady Hailstorm Steel Irons,Iron is 17-4 stainless steel.  Shafts are graphite with a frequency matched throughout the set. Includes 3 iron to Pitching Wedge.,LKP_FILE,2023-12-08T11:49:55Z,null
121,104110,Lady Hailstorm Titanium Irons,Made entirely of pure titanium. A wider sole and loft system to help you get the ball airborne with less effort. Includes 3 iron to Pitching Wedge.,LKP_FILE,2023-12-08T11:49:55Z,null
122,105110,Hailstorm Titanium Woods Set,"Crafted of 6-4 titanium which is 40% lighter and 20% stronger than 17-4 steel.  Includes 3 Wood, 5 Wood and 12 degree driver.",LKP_FILE,2023-12-08T11:49:55Z,null
123,106110,Hailstorm Steel Woods Set,"These steel woods are manufactured to exact tolerances to ensure maximum transfer of energy between the club head and the golf ball. Includes 3 Wood, 5 Wood and 12 degree driver.",LKP_FILE,2023-12-08T11:49:55Z,null
124,107110,Lady Hailstorm Titanium Woods Set,"Crafted of 6-4 titanium which is 40% lighter and 20% stronger than 17-4 steel. Includes 3 Wood, 5 Wood and 12 degree driver.",LKP_FILE,2023-12-08T11:49:55Z,null
125,108110,Lady Hailstorm Steel Woods Set,"These steel woods are manufactured to exact tolerances to ensure maximum transfer of energy between the club head and the golf ball. Includes 3 Wood, 5 Wood and 12 degree driver.",LKP_FILE,2023-12-08T11:49:55Z,null
126,109110,Course Pro Putter,High quality putter is cast  from a soft yellow brass alloy to give the putter its uniquely soft feel at impact.,LKP_FILE,2023-12-08T11:49:55Z,null
127,110110,Blue Steel Putter,This premium putter has copper mixed with lightweight aluminum for a smooth touch.,LKP_FILE,2023-12-08T11:49:55Z,null
128,111110,Blue Steel Max Putter,Putter head is composed from a single piece of the softest carbon steel for optimum feel.,LKP_FILE,2023-12-08T11:49:55Z,null
129,112110,Course Pro Golf and Tee Set,Set includes two premium golf ball and an assortment of wooden golf tees.,LKP_FILE,2023-12-08T11:49:55Z,null
130,113110,Course Pro Umbrella,Large red and white patterned golf umbrella.,LKP_FILE,2023-12-08T11:49:55Z,null
131,114110,Course Pro Golf Bag,High quality golf bag that includes carrying strap and large front pocket.,LKP_FILE,2023-12-08T11:49:55Z,null
132,115110,Course Pro Gloves,Durable nylon constructed gloves with stitched leather palm.,LKP_FILE,2023-12-08T11:49:55Z,null
133,122110,Bella,The Bella collection bonds the famous functionality factor with dynamic styling and luminous color.,LKP_FILE,2023-12-08T11:49:55Z,null
134,122120,Bella,The Bella collection bonds the famous functionality factor with dynamic styling and luminous color.,LKP_FILE,2023-12-08T11:49:55Z,null
135,122130,Bella,The Bella collection bonds the famous functionality factor with dynamic styling and luminous color.,LKP_FILE,2023-12-08T11:49:55Z,null
136,122140,Bella,The Bella collection bonds the famous functionality factor with dynamic styling and luminous color.,LKP_FILE,2023-12-08T11:49:55Z,null
137,122150,Bella,The Bella collection bonds the famous functionality factor with dynamic styling and luminous color.,LKP_FILE,2023-12-08T11:49:55Z,null
138,123110,Capri,Capri sunglasses are a style icon. Lenses incorporate sun-activated tinting and anti-glare coatings for consistent focus.,LKP_FILE,2023-12-08T11:49:55Z,null
139,123120,Capri,Capri sunglasses are a style icon. Lenses incorporate sun-activated tinting and anti-glare coatings for consistent focus.,LKP_FILE,2023-12-08T11:49:55Z,null
140,123130,Capri,Capri sunglasses are a style icon. Lenses incorporate sun-activated tinting and anti-glare coatings for consistent focus.,LKP_FILE,2023-12-08T11:49:55Z,null
141,123140,Capri,Capri sunglasses are a style icon. Lenses incorporate sun-activated tinting and anti-glare coatings for consistent focus.,LKP_FILE,2023-12-08T11:49:55Z,null
142,123150,Capri,Capri sunglasses are a style icon. Lenses incorporate sun-activated tinting and anti-glare coatings for consistent focus.,LKP_FILE,2023-12-08T11:49:55Z,null
143,123160,Capri,Capri sunglasses are a style icon. Lenses incorporate sun-activated tinting and anti-glare coatings for consistent focus.,LKP_FILE,2023-12-08T11:49:55Z,null
144,124110,Cat Eye,"Cat Eye sunglasses are made with a vibrant, high-density plastic. Lenses are scratch resistant.",LKP_FILE,2023-12-08T11:49:55Z,null
145,124120,Cat Eye,"Cat Eye sunglasses are made with a vibrant, high-density plastic. Lenses are scratch resistant.",LKP_FILE,2023-12-08T11:49:55Z,null
146,124130,Cat Eye,"Cat Eye sunglasses are made with a vibrant, high-density plastic. Lenses are scratch resistant.",LKP_FILE,2023-12-08T11:49:55Z,null
147,124140,Cat Eye,"Cat Eye sunglasses are made with a vibrant, high-density plastic. Lenses are scratch resistant.",LKP_FILE,2023-12-08T11:49:55Z,null
148,124150,Cat Eye,"Cat Eye sunglasses are made with a vibrant, high-density plastic. Lenses are scratch resistant.",LKP_FILE,2023-12-08T11:49:55Z,null
149,124160,Cat Eye,"Cat Eye sunglasses are made with a vibrant, high-density plastic. Lenses are scratch resistant.",LKP_FILE,2023-12-08T11:49:55Z,null
150,124170,Cat Eye,"Cat Eye sunglasses are made with a vibrant, high-density plastic. Lenses are scratch resistant.",LKP_FILE,2023-12-08T11:49:55Z,null
151,124180,Cat Eye,"Cat Eye sunglasses are made with a vibrant, high-density plastic. Lenses are scratch resistant.",LKP_FILE,2023-12-08T11:49:55Z,null
152,124190,Cat Eye,"Cat Eye sunglasses are made with a vibrant, high-density plastic. Lenses are scratch resistant.",LKP_FILE,2023-12-08T11:49:55Z,null
153,125110,Venue,"The Venue has a fun and fashionable oversized watch face, with a bright colored synthetic leather strap.",LKP_FILE,2023-12-08T11:49:55Z,null
154,125120,Venue,"The Venue has a fun and fashionable oversized watch face, with a bright colored synthetic leather strap.",LKP_FILE,2023-12-08T11:49:55Z,null
155,125130,Venue,"The Venue has a fun and fashionable oversized watch face, with a bright colored synthetic leather strap.",LKP_FILE,2023-12-08T11:49:55Z,null
156,125140,Venue,"The Venue has a fun and fashionable oversized watch face, with a bright colored synthetic leather strap.",LKP_FILE,2023-12-08T11:49:55Z,null
157,125150,Venue,"The Venue has a fun and fashionable oversized watch face, with a bright colored synthetic leather strap.",LKP_FILE,2023-12-08T11:49:55Z,null
158,125160,Venue,"The Venue has a fun and fashionable oversized watch face, with a bright colored synthetic leather strap.",LKP_FILE,2023-12-08T11:49:55Z,null
159,125170,Venue,"The Venue has a fun and fashionable oversized watch face, with a bright colored synthetic leather strap.",LKP_FILE,2023-12-08T11:49:55Z,null
160,126110,Dante,Dante sunglasses have polarized antiglare lenses.  The frames come in a range of brilliant colors.,LKP_FILE,2023-12-08T11:49:55Z,null
161,126120,Dante,Dante sunglasses have polarized antiglare lenses.  The frames come in a range of brilliant colors.,LKP_FILE,2023-12-08T11:49:55Z,null
162,126130,Dante,Dante sunglasses have polarized antiglare lenses.  The frames come in a range of brilliant colors.,LKP_FILE,2023-12-08T11:49:55Z,null
163,126140,Dante,Dante sunglasses have polarized antiglare lenses.  The frames come in a range of brilliant colors.,LKP_FILE,2023-12-08T11:49:55Z,null
164,126150,Dante,Dante sunglasses have polarized antiglare lenses.  The frames come in a range of brilliant colors.,LKP_FILE,2023-12-08T11:49:55Z,null
165,127110,Fairway,Fairway sunglasses offer complete ultraviolet protection and have a patented soft-frame construction for perfect comfort and fit.  ,LKP_FILE,2023-12-08T11:49:55Z,null
166,127120,Fairway,Fairway sunglasses offer complete ultraviolet protection and have a patented soft-frame construction for perfect comfort and fit.  ,LKP_FILE,2023-12-08T11:49:55Z,null
167,127130,Fairway,Fairway sunglasses offer complete ultraviolet protection and have a patented soft-frame construction for perfect comfort and fit.  ,LKP_FILE,2023-12-08T11:49:55Z,null
168,127140,Fairway,Fairway sunglasses offer complete ultraviolet protection and have a patented soft-frame construction for perfect comfort and fit.  ,LKP_FILE,2023-12-08T11:49:55Z,null
169,127150,Fairway,Fairway sunglasses offer complete ultraviolet protection and have a patented soft-frame construction for perfect comfort and fit.  ,LKP_FILE,2023-12-08T11:49:55Z,null
170,128110,Inferno,"Inferno sunglasses have polarized, antiglare lenses and fiberglass frames. They come with a 5 year warranty.",LKP_FILE,2023-12-08T11:49:55Z,null
171,128120,Inferno,"Inferno sunglasses have polarized, antiglare lenses and fiberglass frames. They come with a 5 year warranty.",LKP_FILE,2023-12-08T11:49:55Z,null
172,128130,Inferno,"Inferno sunglasses have polarized, antiglare lenses and fiberglass frames. They come with a 5 year warranty.",LKP_FILE,2023-12-08T11:49:55Z,null
173,128140,Inferno,"Inferno sunglasses have polarized, antiglare lenses and fiberglass frames. They come with a 5 year warranty.",LKP_FILE,2023-12-08T11:49:55Z,null
174,128150,Inferno,"Inferno sunglasses have polarized, antiglare lenses and fiberglass frames. They come with a 5 year warranty.",LKP_FILE,2023-12-08T11:49:55Z,null
175,128160,Inferno,"Inferno sunglasses have polarized, antiglare lenses and fiberglass frames. They come with a 5 year warranty.",LKP_FILE,2023-12-08T11:49:55Z,null
176,128170,Inferno,"Inferno sunglasses have polarized, antiglare lenses and fiberglass frames. They come with a 5 year warranty.",LKP_FILE,2023-12-08T11:49:55Z,null
177,128180,Inferno,"Inferno sunglasses have polarized, antiglare lenses and fiberglass frames. They come with a 5 year warranty.",LKP_FILE,2023-12-08T11:49:55Z,null
178,128190,Inferno,"Inferno sunglasses have polarized, antiglare lenses and fiberglass frames. They come with a 5 year warranty.",LKP_FILE,2023-12-08T11:49:55Z,null
179,128200,Inferno,"Inferno sunglasses have polarized, antiglare lenses and fiberglass frames. They come with a 5 year warranty.",LKP_FILE,2023-12-08T11:49:55Z,null
180,128210,Inferno,"Inferno sunglasses have polarized, antiglare lenses and fiberglass frames. They come with a 5 year warranty.",LKP_FILE,2023-12-08T11:49:55Z,null
181,129110,Infinity,The Infinity offers the highest quality Swiss movement and comes with a life-time warranty.,LKP_FILE,2023-12-08T11:49:55Z,null
182,129120,Infinity,The Infinity offers the highest quality Swiss movement and comes with a life-time warranty.,LKP_FILE,2023-12-08T11:49:55Z,null
183,129130,Infinity,The Infinity offers the highest quality Swiss movement and comes with a life-time warranty.,LKP_FILE,2023-12-08T11:49:55Z,null
184,129140,Infinity,The Infinity offers the highest quality Swiss movement and comes with a life-time warranty.,LKP_FILE,2023-12-08T11:49:55Z,null
185,129150,Infinity,The Infinity offers the highest quality Swiss movement and comes with a life-time warranty.,LKP_FILE,2023-12-08T11:49:55Z,null
186,129160,Infinity,The Infinity offers the highest quality Swiss movement and comes with a life-time warranty.,LKP_FILE,2023-12-08T11:49:55Z,null
187,129170,Infinity,The Infinity offers the highest quality Swiss movement and comes with a life-time warranty.,LKP_FILE,2023-12-08T11:49:55Z,null
188,129180,Infinity,The Infinity offers the highest quality Swiss movement and comes with a life-time warranty.,LKP_FILE,2023-12-08T11:49:55Z,null
189,130110,Lux,The Lux watch is a precision Swiss quartz movement. It comes with a 10 year warranty.  ,LKP_FILE,2023-12-08T11:49:55Z,null
190,130120,Lux,The Lux watch is a precision Swiss quartz movement. It comes with a 10 year warranty.  ,LKP_FILE,2023-12-08T11:49:55Z,null
191,130130,Lux,The Lux watch is a precision Swiss quartz movement. It comes with a 10 year warranty.  ,LKP_FILE,2023-12-08T11:49:55Z,null
192,130140,Lux,The Lux watch is a precision Swiss quartz movement. It comes with a 10 year warranty.  ,LKP_FILE,2023-12-08T11:49:55Z,null
193,130150,Lux,The Lux watch is a precision Swiss quartz movement. It comes with a 10 year warranty.  ,LKP_FILE,2023-12-08T11:49:55Z,null
194,131110,Max Gizmo,"A versatile pocket tool that includes LED light, 1GB memory stick, pen, serrated blade, corkscrew and serrated cutter. Comes with a life time warranty.",LKP_FILE,2023-12-08T11:49:55Z,null
195,131120,Max Gizmo,"A versatile pocket tool that includes LED light, 1GB memory stick, pen, serrated blade, corkscrew and serrated cutter. Comes with a life time warranty.",LKP_FILE,2023-12-08T11:49:55Z,null
196,131130,Max Gizmo,"A versatile pocket tool that includes LED light, 1GB memory stick, pen, serrated blade, corkscrew and serrated cutter. Comes with a life time warranty.",LKP_FILE,2023-12-08T11:49:55Z,null
197,132110,Maximus,Maximus sunglasses are the most durable eyewear on the market. They come with a 5-year unconditional warranty.,LKP_FILE,2023-12-08T11:49:55Z,null
198,132120,Maximus,Maximus sunglasses are the most durable eyewear on the market. They come with a 5-year unconditional warranty.,LKP_FILE,2023-12-08T11:49:55Z,null
199,132130,Maximus,Maximus sunglasses are the most durable eyewear on the market. They come with a 5-year unconditional warranty.,LKP_FILE,2023-12-08T11:49:55Z,null
200,132140,Maximus,Maximus sunglasses are the most durable eyewear on the market. They come with a 5-year unconditional warranty.,LKP_FILE,2023-12-08T11:49:55Z,null
201,132150,Maximus,Maximus sunglasses are the most durable eyewear on the market. They come with a 5-year unconditional warranty.,LKP_FILE,2023-12-08T11:49:55Z,null
202,132160,Maximus,Maximus sunglasses are the most durable eyewear on the market. They come with a 5-year unconditional warranty.,LKP_FILE,2023-12-08T11:49:55Z,null
203,132170,Maximus,Maximus sunglasses are the most durable eyewear on the market. They come with a 5-year unconditional warranty.,LKP_FILE,2023-12-08T11:49:55Z,null
204,133110,Opera Vision,3.6x opera glasses maintain image and color fidelity in all lighting conditions. The brushed aluminum body fits snugly into any purse or pocket. Includes a soft leather case and carrying loop.,LKP_FILE,2023-12-08T11:49:55Z,null
205,134110,Pocket Gizmo,"A compact tool that includes LED light, blade, tweezers, reamer, screwdriver, file, corkscrew and can opener.",LKP_FILE,2023-12-08T11:49:55Z,null
206,134120,Pocket Gizmo,"A compact tool that includes LED light, blade, tweezers, reamer, screwdriver, file, corkscrew and can opener.",LKP_FILE,2023-12-08T11:49:55Z,null
207,134130,Pocket Gizmo,"A compact tool that includes LED light, blade, tweezers, reamer, screwdriver, file, corkscrew and can opener.",LKP_FILE,2023-12-08T11:49:55Z,null
208,134140,Pocket Gizmo,"A compact tool that includes LED light, blade, tweezers, reamer, screwdriver, file, corkscrew and can opener.",LKP_FILE,2023-12-08T11:49:55Z,null
209,135110,Ranger Vision,"8x27x50 zoom binoculars include compass and range-finding reticle, multi-coated optics, and textured rubber armoring. Waterproof and lightweight.",LKP_FILE,2023-12-08T11:49:55Z,null
210,135120,Ranger Vision,"8x27x50 zoom binoculars include compass and range-finding reticle, multi-coated optics, and textured rubber armoring. Waterproof and lightweight.",LKP_FILE,2023-12-08T11:49:55Z,null
211,135130,Ranger Vision,"8x27x50 zoom binoculars include compass and range-finding reticle, multi-coated optics, and textured rubber armoring. Waterproof and lightweight.",LKP_FILE,2023-12-08T11:49:55Z,null
212,136110,Sam,"The Sam watch has a sophisticated quartz movement, and both analog and digital time display.  Comes with a 5 year warranty.  ",LKP_FILE,2023-12-08T11:49:55Z,null
213,136120,Sam,"The Sam watch has a sophisticated quartz movement, and both analog and digital time display.  Comes with a 5 year warranty.  ",LKP_FILE,2023-12-08T11:49:55Z,null
214,136130,Sam,"The Sam watch has a sophisticated quartz movement, and both analog and digital time display.  Comes with a 5 year warranty.  ",LKP_FILE,2023-12-08T11:49:55Z,null
215,136140,Sam,"The Sam watch has a sophisticated quartz movement, and both analog and digital time display.  Comes with a 5 year warranty.  ",LKP_FILE,2023-12-08T11:49:55Z,null
216,136150,Sam,"The Sam watch has a sophisticated quartz movement, and both analog and digital time display.  Comes with a 5 year warranty.  ",LKP_FILE,2023-12-08T11:49:55Z,null
217,140110,Trail Master,"A rubberized and water-resistant GPS receiver that includes a 70mm color screen, electronic compass and altimeter. Uses a 64MB memory card. Requires two AA batteries for 18 hours of service. Weighs 238 grams.",LKP_FILE,2023-12-08T11:49:55Z,null
218,141110,Trail Scout,This highly portable GPS has an 80mm color screen. Requires two AA batteries for 18 hours of service. Uses a 22MB memory card. Weighs 210 grams.,LKP_FILE,2023-12-08T11:49:55Z,null
219,142110,Trail Star,A light-weight GPS receiver with a 56mm monochrome display and 24MB internal memory. Requires two AA batteries for 26 hours of service. Weighs only 156 grams.,LKP_FILE,2023-12-08T11:49:55Z,null
220,143110,Trendi,"Trendi sunglasses feature a sporty, stylish, wrap-around design. Soft rocker nose pads and rubberized temple ends provide the ultimate in comfort.",LKP_FILE,2023-12-08T11:49:55Z,null
221,143120,Trendi,"Trendi sunglasses feature a sporty, stylish, wrap-around design. Soft rocker nose pads and rubberized temple ends provide the ultimate in comfort.",LKP_FILE,2023-12-08T11:49:55Z,null
222,143130,Trendi,"Trendi sunglasses feature a sporty, stylish, wrap-around design. Soft rocker nose pads and rubberized temple ends provide the ultimate in comfort.",LKP_FILE,2023-12-08T11:49:55Z,null
223,143140,Trendi,"Trendi sunglasses feature a sporty, stylish, wrap-around design. Soft rocker nose pads and rubberized temple ends provide the ultimate in comfort.",LKP_FILE,2023-12-08T11:49:55Z,null
224,143150,Trendi,"Trendi sunglasses feature a sporty, stylish, wrap-around design. Soft rocker nose pads and rubberized temple ends provide the ultimate in comfort.",LKP_FILE,2023-12-08T11:49:55Z,null
225,144110,TX,The TX watch offers 4 separate times.  The synthetic band is durable yet breathable. ,LKP_FILE,2023-12-08T11:49:55Z,null
226,144120,TX,The TX watch offers 4 separate times.  The synthetic band is durable yet breathable. ,LKP_FILE,2023-12-08T11:49:55Z,null
227,144130,TX,The TX watch offers 4 separate times.  The synthetic band is durable yet breathable. ,LKP_FILE,2023-12-08T11:49:55Z,null
228,144140,TX,The TX watch offers 4 separate times.  The synthetic band is durable yet breathable. ,LKP_FILE,2023-12-08T11:49:55Z,null
229,144150,TX,The TX watch offers 4 separate times.  The synthetic band is durable yet breathable. ,LKP_FILE,2023-12-08T11:49:55Z,null
230,144160,TX,The TX watch offers 4 separate times.  The synthetic band is durable yet breathable. ,LKP_FILE,2023-12-08T11:49:55Z,null
231,144170,TX,The TX watch offers 4 separate times.  The synthetic band is durable yet breathable. ,LKP_FILE,2023-12-08T11:49:55Z,null
232,144180,TX,The TX watch offers 4 separate times.  The synthetic band is durable yet breathable. ,LKP_FILE,2023-12-08T11:49:55Z,null
233,144190,TX,The TX watch offers 4 separate times.  The synthetic band is durable yet breathable. ,LKP_FILE,2023-12-08T11:49:55Z,null
234,144200,TX,The TX watch offers 4 separate times.  The synthetic band is durable yet breathable. ,LKP_FILE,2023-12-08T11:49:55Z,null
235,145110,Legend,"Solid titanium case, crown, bezel.  Combination nylon and rubber strap. Analog representation on digital interface.  Backlit, hardened mineral crystal, water-resistant to 100 meters.",LKP_FILE,2023-12-08T11:49:55Z,null
236,145120,Legend,"Solid titanium case, crown, bezel.  Combination nylon and rubber strap. Analog representation on digital interface.  Backlit, hardened mineral crystal, water-resistant to 100 meters.",LKP_FILE,2023-12-08T11:49:55Z,null
237,145130,Legend,"Solid titanium case, crown, bezel.  Combination nylon and rubber strap. Analog representation on digital interface.  Backlit, hardened mineral crystal, water-resistant to 100 meters.",LKP_FILE,2023-12-08T11:49:55Z,null
238,145140,Legend,"Solid titanium case, crown, bezel.  Combination nylon and rubber strap. Analog representation on digital interface.  Backlit, hardened mineral crystal, water-resistant to 100 meters.",LKP_FILE,2023-12-08T11:49:55Z,null
239,145150,Legend,"Solid titanium case, crown, bezel.  Combination nylon and rubber strap. Analog representation on digital interface.  Backlit, hardened mineral crystal, water-resistant to 100 meters.",LKP_FILE,2023-12-08T11:49:55Z,null
240,145160,Legend,"Solid titanium case, crown, bezel.  Combination nylon and rubber strap. Analog representation on digital interface.  Backlit, hardened mineral crystal, water-resistant to 100 meters.",LKP_FILE,2023-12-08T11:49:55Z,null
241,145170,Legend,"Solid titanium case, crown, bezel.  Combination nylon and rubber strap. Analog representation on digital interface.  Backlit, hardened mineral crystal, water-resistant to 100 meters.",LKP_FILE,2023-12-08T11:49:55Z,null
242,145180,Legend,"Solid titanium case, crown, bezel.  Combination nylon and rubber strap. Analog representation on digital interface.  Backlit, hardened mineral crystal, water-resistant to 100 meters.",LKP_FILE,2023-12-08T11:49:55Z,null
243,146110,Zodiak,"The Zodiak has a durable synthetic leather strap, digital face, hardened crystal, and is water-resistant to 100 meters.",LKP_FILE,2023-12-08T11:49:55Z,null
244,146120,Zodiak,"The Zodiak has a durable synthetic leather strap, digital face, hardened crystal, and is water-resistant to 100 meters.",LKP_FILE,2023-12-08T11:49:55Z,null
245,146130,Zodiak,"The Zodiak has a durable synthetic leather strap, digital face, hardened crystal, and is water-resistant to 100 meters.",LKP_FILE,2023-12-08T11:49:55Z,null
246,146140,Zodiak,"The Zodiak has a durable synthetic leather strap, digital face, hardened crystal, and is water-resistant to 100 meters.",LKP_FILE,2023-12-08T11:49:55Z,null
247,147110,Zone,Zone sunglasses are scratch-resistant and offer full protection from ultraviolet light.,LKP_FILE,2023-12-08T11:49:55Z,null
248,147120,Zone,Zone sunglasses are scratch-resistant and offer full protection from ultraviolet light.,LKP_FILE,2023-12-08T11:49:55Z,null
249,147130,Zone,Zone sunglasses are scratch-resistant and offer full protection from ultraviolet light.,LKP_FILE,2023-12-08T11:49:55Z,null
250,147140,Zone,Zone sunglasses are scratch-resistant and offer full protection from ultraviolet light.,LKP_FILE,2023-12-08T11:49:55Z,null
251,147150,Zone,Zone sunglasses are scratch-resistant and offer full protection from ultraviolet light.,LKP_FILE,2023-12-08T11:49:55Z,null
252,147160,Zone,Zone sunglasses are scratch-resistant and offer full protection from ultraviolet light.,LKP_FILE,2023-12-08T11:49:55Z,null
253,147170,Zone,Zone sunglasses are scratch-resistant and offer full protection from ultraviolet light.,LKP_FILE,2023-12-08T11:49:55Z,null
254,147180,Zone,Zone sunglasses are scratch-resistant and offer full protection from ultraviolet light.,LKP_FILE,2023-12-08T11:49:55Z,null
255,147190,Zone,Zone sunglasses are scratch-resistant and offer full protection from ultraviolet light.,LKP_FILE,2023-12-08T11:49:55Z,null
256,148110,Hawk Eye,Hawk Eye sunglasses are feather light and offer 100% ultraviolet protection.,LKP_FILE,2023-12-08T11:49:55Z,null
257,148120,Hawk Eye,Hawk Eye sunglasses are feather light and offer 100% ultraviolet protection.,LKP_FILE,2023-12-08T11:49:55Z,null
258,148130,Hawk Eye,Hawk Eye sunglasses are feather light and offer 100% ultraviolet protection.,LKP_FILE,2023-12-08T11:49:55Z,null
259,149110,Retro,Retro sunglasses are inspired by last-century design and new-century resin technology. Available in an array of classic colors.,LKP_FILE,2023-12-08T11:49:55Z,null
260,149120,Retro,Retro sunglasses are inspired by last-century design and new-century resin technology. Available in an array of classic colors.,LKP_FILE,2023-12-08T11:49:55Z,null
261,149130,Retro,Retro sunglasses are inspired by last-century design and new-century resin technology. Available in an array of classic colors.,LKP_FILE,2023-12-08T11:49:55Z,null
262,149140,Retro,Retro sunglasses are inspired by last-century design and new-century resin technology. Available in an array of classic colors.,LKP_FILE,2023-12-08T11:49:55Z,null
263,149150,Retro,Retro sunglasses are inspired by last-century design and new-century resin technology. Available in an array of classic colors.,LKP_FILE,2023-12-08T11:49:55Z,null
264,149160,Retro,Retro sunglasses are inspired by last-century design and new-century resin technology. Available in an array of classic colors.,LKP_FILE,2023-12-08T11:49:55Z,null
265,151110,Astro Pilot,This GPS has a high-contrast 86mm color screen that is viewable in sunlight. Requires four AA batteries for 15 hours of service. Uses a 30MB memory card. Weighs 340 grams.,LKP_FILE,2023-12-08T11:49:55Z,null
266,151120,Astro Pilot,This GPS has a high-contrast 86mm color screen that is viewable in sunlight. Requires four AA batteries for 15 hours of service. Uses a 30MB memory card. Weighs 340 grams.,LKP_FILE,2023-12-08T11:49:55Z,null
267,151130,Astro Pilot,This GPS has a high-contrast 86mm color screen that is viewable in sunlight. Requires four AA batteries for 15 hours of service. Uses a 30MB memory card. Weighs 340 grams.,LKP_FILE,2023-12-08T11:49:55Z,null
268,152110,Sky Pilot,"Small and lightweight, this GPS has a 55mm color screen and comes with a 32MB memory card. It includes an electronic compass and altimeter. Base maps are included. Requires two AA batteries for 18 hours of service. Weighs only 160 grams.",LKP_FILE,2023-12-08T11:49:55Z,null
269,153110,Auto Pilot,The Auto Pilot is an easy-to-use navigation system for the road. A 90mm color touchscreen and audio directions make exploration fast and fun. Comes with preloaded maps.,LKP_FILE,2023-12-08T11:49:55Z,null
270,154110,Kodiak,"The Kodiak includes a tough leather strap, precision Swiss quartz movement, with luminous hands and markers.",LKP_FILE,2023-12-08T11:49:55Z,null
271,154120,Kodiak,"The Kodiak includes a tough leather strap, precision Swiss quartz movement, with luminous hands and markers.",LKP_FILE,2023-12-08T11:49:55Z,null
272,154130,Kodiak,"The Kodiak includes a tough leather strap, precision Swiss quartz movement, with luminous hands and markers.",LKP_FILE,2023-12-08T11:49:55Z,null
273,154140,Kodiak,"The Kodiak includes a tough leather strap, precision Swiss quartz movement, with luminous hands and markers.",LKP_FILE,2023-12-08T11:49:55Z,null
274,154150,Kodiak,"The Kodiak includes a tough leather strap, precision Swiss quartz movement, with luminous hands and markers.",LKP_FILE,2023-12-08T11:49:55Z,null
