COUNTRY_KEY,COUNTRY_CODE,COUNTRY_ID,COUNTRY_NAME,SOURCE_ID,DATA_DATE,UPDATE_DATE
1,1003,USA,United States,LKP_FILE,2023-12-08T11:49:55Z,null
2,1004,CAN,Canada,LKP_FILE,2023-12-08T11:49:55Z,null
3,1020,MEX,Mexico,LKP_FILE,2023-12-08T11:49:55Z,null
4,1021,BRA,Brazil,LKP_FILE,2023-12-08T11:49:55Z,null
5,4011,JPN,Japan,LKP_FILE,2023-12-08T11:49:55Z,null
6,4012,SGP,Singapore,LKP_FILE,2023-12-08T11:49:55Z,null
7,4013,KOR,Korea,LKP_FILE,2023-12-08T11:49:55Z,null
8,4014,CHN,China,LKP_FILE,2023-12-08T11:49:55Z,null
9,4016,AUS,Australia,LKP_FILE,2023-12-08T11:49:55Z,null
10,5007,NLD,Netherlands,LKP_FILE,2023-12-08T11:49:55Z,null
11,5010,SWE,Sweden,LKP_FILE,2023-12-08T11:49:55Z,null
12,5018,DNK,Denmark,LKP_FILE,2023-12-08T11:49:55Z,null
13,5022,FIN,Finland,LKP_FILE,2023-12-08T11:49:55Z,null
14,6001,FRA,France,LKP_FILE,2023-12-08T11:49:55Z,null
15,6002,DEU,Germany,LKP_FILE,2023-12-08T11:49:55Z,null
16,6008,CHE,Switzerland,LKP_FILE,2023-12-08T11:49:55Z,null
17,6009,GBR,United Kingdom,LKP_FILE,2023-12-08T11:49:55Z,null
18,6017,BEL,Belgium,LKP_FILE,2023-12-08T11:49:55Z,null
19,7005,AUT,Austria,LKP_FILE,2023-12-08T11:49:55Z,null
20,7006,ITA,Italy,LKP_FILE,2023-12-08T11:49:55Z,null
21,7019,ESP,Spain,LKP_FILE,2023-12-08T11:49:55Z,null
